miner,cut_type,logP_Name,logM_Name,trace_variants_P,trace_variants_M
GNN_partitioning\GNN_Data\par\Data_8\Sup_1.0_Ratio_1.0_Pruning_0\logP_8_Sup_1.0_Ratio_1.0_Pruning_0_Data_11.xes,par,GNN_partitioning\GNN_Data\par\Data_8\Sup_1.0_Ratio_1.0_Pruning_0\logP_8_Sup_1.0_Ratio_1.0_Pruning_0_Data_11,GNN_partitioning\GNN_Data\par\Data_8\Sup_1.0_Ratio_1.0_Pruning_0\logM_8_Sup_1.0_Ratio_1.0_Pruning_0_Data_11,729.0,830.0
GNN_partitioning\GNN_Data\par\Data_8\Sup_1.0_Ratio_1.0_Pruning_0\logP_8_Sup_1.0_Ratio_1.0_Pruning_0_Data_12.xes,par,GNN_partitioning\GNN_Data\par\Data_8\Sup_1.0_Ratio_1.0_Pruning_0\logP_8_Sup_1.0_Ratio_1.0_Pruning_0_Data_12,GNN_partitioning\GNN_Data\par\Data_8\Sup_1.0_Ratio_1.0_Pruning_0\logM_8_Sup_1.0_Ratio_1.0_Pruning_0_Data_12,126.0,50.0
GNN_partitioning\GNN_Data\par\Data_8\Sup_1.0_Ratio_1.0_Pruning_0\logP_8_Sup_1.0_Ratio_1.0_Pruning_0_Data_13.xes,par,GNN_partitioning\GNN_Data\par\Data_8\Sup_1.0_Ratio_1.0_Pruning_0\logP_8_Sup_1.0_Ratio_1.0_Pruning_0_Data_13,GNN_partitioning\GNN_Data\par\Data_8\Sup_1.0_Ratio_1.0_Pruning_0\logM_8_Sup_1.0_Ratio_1.0_Pruning_0_Data_13,366.0,256.0
GNN_partitioning\GNN_Data\par\Data_8\Sup_1.0_Ratio_1.0_Pruning_0\logP_8_Sup_1.0_Ratio_1.0_Pruning_0_Data_17.xes,par,GNN_partitioning\GNN_Data\par\Data_8\Sup_1.0_Ratio_1.0_Pruning_0\logP_8_Sup_1.0_Ratio_1.0_Pruning_0_Data_17,GNN_partitioning\GNN_Data\par\Data_8\Sup_1.0_Ratio_1.0_Pruning_0\logM_8_Sup_1.0_Ratio_1.0_Pruning_0_Data_17,211.0,477.0
GNN_partitioning\GNN_Data\par\Data_8\Sup_1.0_Ratio_1.0_Pruning_0\logP_8_Sup_1.0_Ratio_1.0_Pruning_0_Data_19.xes,par,GNN_partitioning\GNN_Data\par\Data_8\Sup_1.0_Ratio_1.0_Pruning_0\logP_8_Sup_1.0_Ratio_1.0_Pruning_0_Data_19,GNN_partitioning\GNN_Data\par\Data_8\Sup_1.0_Ratio_1.0_Pruning_0\logM_8_Sup_1.0_Ratio_1.0_Pruning_0_Data_19,922.0,847.0
GNN_partitioning\GNN_Data\par\Data_8\Sup_1.0_Ratio_1.0_Pruning_0\logP_8_Sup_1.0_Ratio_1.0_Pruning_0_Data_23.xes,par,GNN_partitioning\GNN_Data\par\Data_8\Sup_1.0_Ratio_1.0_Pruning_0\logP_8_Sup_1.0_Ratio_1.0_Pruning_0_Data_23,GNN_partitioning\GNN_Data\par\Data_8\Sup_1.0_Ratio_1.0_Pruning_0\logM_8_Sup_1.0_Ratio_1.0_Pruning_0_Data_23,584.0,467.0
GNN_partitioning\GNN_Data\par\Data_8\Sup_1.0_Ratio_1.0_Pruning_0\logP_8_Sup_1.0_Ratio_1.0_Pruning_0_Data_24.xes,par,GNN_partitioning\GNN_Data\par\Data_8\Sup_1.0_Ratio_1.0_Pruning_0\logP_8_Sup_1.0_Ratio_1.0_Pruning_0_Data_24,GNN_partitioning\GNN_Data\par\Data_8\Sup_1.0_Ratio_1.0_Pruning_0\logM_8_Sup_1.0_Ratio_1.0_Pruning_0_Data_24,323.0,279.0
GNN_partitioning\GNN_Data\par\Data_8\Sup_1.0_Ratio_1.0_Pruning_0\logP_8_Sup_1.0_Ratio_1.0_Pruning_0_Data_25.xes,par,GNN_partitioning\GNN_Data\par\Data_8\Sup_1.0_Ratio_1.0_Pruning_0\logP_8_Sup_1.0_Ratio_1.0_Pruning_0_Data_25,GNN_partitioning\GNN_Data\par\Data_8\Sup_1.0_Ratio_1.0_Pruning_0\logM_8_Sup_1.0_Ratio_1.0_Pruning_0_Data_25,384.0,272.0
GNN_partitioning\GNN_Data\par\Data_8\Sup_1.0_Ratio_1.0_Pruning_0\logP_8_Sup_1.0_Ratio_1.0_Pruning_0_Data_26.xes,par,GNN_partitioning\GNN_Data\par\Data_8\Sup_1.0_Ratio_1.0_Pruning_0\logP_8_Sup_1.0_Ratio_1.0_Pruning_0_Data_26,GNN_partitioning\GNN_Data\par\Data_8\Sup_1.0_Ratio_1.0_Pruning_0\logM_8_Sup_1.0_Ratio_1.0_Pruning_0_Data_26,801.0,337.0
GNN_partitioning\GNN_Data\par\Data_8\Sup_1.0_Ratio_1.0_Pruning_0\logP_8_Sup_1.0_Ratio_1.0_Pruning_0_Data_28.xes,par,GNN_partitioning\GNN_Data\par\Data_8\Sup_1.0_Ratio_1.0_Pruning_0\logP_8_Sup_1.0_Ratio_1.0_Pruning_0_Data_28,GNN_partitioning\GNN_Data\par\Data_8\Sup_1.0_Ratio_1.0_Pruning_0\logM_8_Sup_1.0_Ratio_1.0_Pruning_0_Data_28,433.0,515.0
GNN_partitioning\GNN_Data\par\Data_8\Sup_1.0_Ratio_1.0_Pruning_0\logP_8_Sup_1.0_Ratio_1.0_Pruning_0_Data_5.xes,par,GNN_partitioning\GNN_Data\par\Data_8\Sup_1.0_Ratio_1.0_Pruning_0\logP_8_Sup_1.0_Ratio_1.0_Pruning_0_Data_5,GNN_partitioning\GNN_Data\par\Data_8\Sup_1.0_Ratio_1.0_Pruning_0\logM_8_Sup_1.0_Ratio_1.0_Pruning_0_Data_5,593.0,730.0
GNN_partitioning\GNN_Data\par\Data_8\Sup_1.0_Ratio_1.0_Pruning_0\logP_8_Sup_1.0_Ratio_1.0_Pruning_0_Data_6.xes,par,GNN_partitioning\GNN_Data\par\Data_8\Sup_1.0_Ratio_1.0_Pruning_0\logP_8_Sup_1.0_Ratio_1.0_Pruning_0_Data_6,GNN_partitioning\GNN_Data\par\Data_8\Sup_1.0_Ratio_1.0_Pruning_0\logM_8_Sup_1.0_Ratio_1.0_Pruning_0_Data_6,290.0,789.0
GNN_partitioning\GNN_Data\par\Data_8\Sup_1.0_Ratio_1.0_Pruning_0\logP_8_Sup_1.0_Ratio_1.0_Pruning_0_Data_7.xes,par,GNN_partitioning\GNN_Data\par\Data_8\Sup_1.0_Ratio_1.0_Pruning_0\logP_8_Sup_1.0_Ratio_1.0_Pruning_0_Data_7,GNN_partitioning\GNN_Data\par\Data_8\Sup_1.0_Ratio_1.0_Pruning_0\logM_8_Sup_1.0_Ratio_1.0_Pruning_0_Data_7,406.0,142.0
GNN_partitioning\GNN_Data\par\Data_8\Sup_1.0_Ratio_1.0_Pruning_0\logP_8_Sup_1.0_Ratio_1.0_Pruning_0_Data_8.xes,par,GNN_partitioning\GNN_Data\par\Data_8\Sup_1.0_Ratio_1.0_Pruning_0\logP_8_Sup_1.0_Ratio_1.0_Pruning_0_Data_8,GNN_partitioning\GNN_Data\par\Data_8\Sup_1.0_Ratio_1.0_Pruning_0\logM_8_Sup_1.0_Ratio_1.0_Pruning_0_Data_8,681.0,746.0
GNN_partitioning\GNN_Data\par\Data_8\Sup_1.0_Ratio_0.8_Pruning_0\logP_8_Sup_1.0_Ratio_0.8_Pruning_0_Data_1.xes,par,GNN_partitioning\GNN_Data\par\Data_8\Sup_1.0_Ratio_0.8_Pruning_0\logP_8_Sup_1.0_Ratio_0.8_Pruning_0_Data_1,GNN_partitioning\GNN_Data\par\Data_8\Sup_1.0_Ratio_0.8_Pruning_0\logM_8_Sup_1.0_Ratio_0.8_Pruning_0_Data_1,887.0,760.0
GNN_partitioning\GNN_Data\par\Data_8\Sup_1.0_Ratio_0.8_Pruning_0\logP_8_Sup_1.0_Ratio_0.8_Pruning_0_Data_10.xes,par,GNN_partitioning\GNN_Data\par\Data_8\Sup_1.0_Ratio_0.8_Pruning_0\logP_8_Sup_1.0_Ratio_0.8_Pruning_0_Data_10,GNN_partitioning\GNN_Data\par\Data_8\Sup_1.0_Ratio_0.8_Pruning_0\logM_8_Sup_1.0_Ratio_0.8_Pruning_0_Data_10,156.0,56.0
GNN_partitioning\GNN_Data\par\Data_8\Sup_1.0_Ratio_0.8_Pruning_0\logP_8_Sup_1.0_Ratio_0.8_Pruning_0_Data_11.xes,par,GNN_partitioning\GNN_Data\par\Data_8\Sup_1.0_Ratio_0.8_Pruning_0\logP_8_Sup_1.0_Ratio_0.8_Pruning_0_Data_11,GNN_partitioning\GNN_Data\par\Data_8\Sup_1.0_Ratio_0.8_Pruning_0\logM_8_Sup_1.0_Ratio_0.8_Pruning_0_Data_11,167.0,30.0
GNN_partitioning\GNN_Data\par\Data_8\Sup_1.0_Ratio_0.8_Pruning_0\logP_8_Sup_1.0_Ratio_0.8_Pruning_0_Data_12.xes,par,GNN_partitioning\GNN_Data\par\Data_8\Sup_1.0_Ratio_0.8_Pruning_0\logP_8_Sup_1.0_Ratio_0.8_Pruning_0_Data_12,GNN_partitioning\GNN_Data\par\Data_8\Sup_1.0_Ratio_0.8_Pruning_0\logM_8_Sup_1.0_Ratio_0.8_Pruning_0_Data_12,613.0,809.0
GNN_partitioning\GNN_Data\par\Data_8\Sup_1.0_Ratio_0.8_Pruning_0\logP_8_Sup_1.0_Ratio_0.8_Pruning_0_Data_15.xes,par,GNN_partitioning\GNN_Data\par\Data_8\Sup_1.0_Ratio_0.8_Pruning_0\logP_8_Sup_1.0_Ratio_0.8_Pruning_0_Data_15,GNN_partitioning\GNN_Data\par\Data_8\Sup_1.0_Ratio_0.8_Pruning_0\logM_8_Sup_1.0_Ratio_0.8_Pruning_0_Data_15,567.0,530.0
GNN_partitioning\GNN_Data\par\Data_8\Sup_1.0_Ratio_0.8_Pruning_0\logP_8_Sup_1.0_Ratio_0.8_Pruning_0_Data_17.xes,par,GNN_partitioning\GNN_Data\par\Data_8\Sup_1.0_Ratio_0.8_Pruning_0\logP_8_Sup_1.0_Ratio_0.8_Pruning_0_Data_17,GNN_partitioning\GNN_Data\par\Data_8\Sup_1.0_Ratio_0.8_Pruning_0\logM_8_Sup_1.0_Ratio_0.8_Pruning_0_Data_17,650.0,906.0
GNN_partitioning\GNN_Data\par\Data_8\Sup_1.0_Ratio_0.8_Pruning_0\logP_8_Sup_1.0_Ratio_0.8_Pruning_0_Data_19.xes,par,GNN_partitioning\GNN_Data\par\Data_8\Sup_1.0_Ratio_0.8_Pruning_0\logP_8_Sup_1.0_Ratio_0.8_Pruning_0_Data_19,GNN_partitioning\GNN_Data\par\Data_8\Sup_1.0_Ratio_0.8_Pruning_0\logM_8_Sup_1.0_Ratio_0.8_Pruning_0_Data_19,636.0,492.0
GNN_partitioning\GNN_Data\par\Data_8\Sup_1.0_Ratio_0.8_Pruning_0\logP_8_Sup_1.0_Ratio_0.8_Pruning_0_Data_21.xes,par,GNN_partitioning\GNN_Data\par\Data_8\Sup_1.0_Ratio_0.8_Pruning_0\logP_8_Sup_1.0_Ratio_0.8_Pruning_0_Data_21,GNN_partitioning\GNN_Data\par\Data_8\Sup_1.0_Ratio_0.8_Pruning_0\logM_8_Sup_1.0_Ratio_0.8_Pruning_0_Data_21,394.0,706.0
GNN_partitioning\GNN_Data\par\Data_8\Sup_1.0_Ratio_0.8_Pruning_0\logP_8_Sup_1.0_Ratio_0.8_Pruning_0_Data_22.xes,par,GNN_partitioning\GNN_Data\par\Data_8\Sup_1.0_Ratio_0.8_Pruning_0\logP_8_Sup_1.0_Ratio_0.8_Pruning_0_Data_22,GNN_partitioning\GNN_Data\par\Data_8\Sup_1.0_Ratio_0.8_Pruning_0\logM_8_Sup_1.0_Ratio_0.8_Pruning_0_Data_22,784.0,585.0
GNN_partitioning\GNN_Data\par\Data_8\Sup_1.0_Ratio_0.8_Pruning_0\logP_8_Sup_1.0_Ratio_0.8_Pruning_0_Data_23.xes,par,GNN_partitioning\GNN_Data\par\Data_8\Sup_1.0_Ratio_0.8_Pruning_0\logP_8_Sup_1.0_Ratio_0.8_Pruning_0_Data_23,GNN_partitioning\GNN_Data\par\Data_8\Sup_1.0_Ratio_0.8_Pruning_0\logM_8_Sup_1.0_Ratio_0.8_Pruning_0_Data_23,214.0,198.0
GNN_partitioning\GNN_Data\par\Data_8\Sup_1.0_Ratio_0.8_Pruning_0\logP_8_Sup_1.0_Ratio_0.8_Pruning_0_Data_24.xes,par,GNN_partitioning\GNN_Data\par\Data_8\Sup_1.0_Ratio_0.8_Pruning_0\logP_8_Sup_1.0_Ratio_0.8_Pruning_0_Data_24,GNN_partitioning\GNN_Data\par\Data_8\Sup_1.0_Ratio_0.8_Pruning_0\logM_8_Sup_1.0_Ratio_0.8_Pruning_0_Data_24,309.0,70.0
GNN_partitioning\GNN_Data\par\Data_8\Sup_1.0_Ratio_0.8_Pruning_0\logP_8_Sup_1.0_Ratio_0.8_Pruning_0_Data_26.xes,par,GNN_partitioning\GNN_Data\par\Data_8\Sup_1.0_Ratio_0.8_Pruning_0\logP_8_Sup_1.0_Ratio_0.8_Pruning_0_Data_26,GNN_partitioning\GNN_Data\par\Data_8\Sup_1.0_Ratio_0.8_Pruning_0\logM_8_Sup_1.0_Ratio_0.8_Pruning_0_Data_26,704.0,537.0
GNN_partitioning\GNN_Data\par\Data_8\Sup_1.0_Ratio_0.8_Pruning_0\logP_8_Sup_1.0_Ratio_0.8_Pruning_0_Data_27.xes,par,GNN_partitioning\GNN_Data\par\Data_8\Sup_1.0_Ratio_0.8_Pruning_0\logP_8_Sup_1.0_Ratio_0.8_Pruning_0_Data_27,GNN_partitioning\GNN_Data\par\Data_8\Sup_1.0_Ratio_0.8_Pruning_0\logM_8_Sup_1.0_Ratio_0.8_Pruning_0_Data_27,637.0,650.0
GNN_partitioning\GNN_Data\par\Data_8\Sup_1.0_Ratio_0.8_Pruning_0\logP_8_Sup_1.0_Ratio_0.8_Pruning_0_Data_28.xes,par,GNN_partitioning\GNN_Data\par\Data_8\Sup_1.0_Ratio_0.8_Pruning_0\logP_8_Sup_1.0_Ratio_0.8_Pruning_0_Data_28,GNN_partitioning\GNN_Data\par\Data_8\Sup_1.0_Ratio_0.8_Pruning_0\logM_8_Sup_1.0_Ratio_0.8_Pruning_0_Data_28,410.0,225.0
GNN_partitioning\GNN_Data\par\Data_8\Sup_1.0_Ratio_0.8_Pruning_0\logP_8_Sup_1.0_Ratio_0.8_Pruning_0_Data_29.xes,par,GNN_partitioning\GNN_Data\par\Data_8\Sup_1.0_Ratio_0.8_Pruning_0\logP_8_Sup_1.0_Ratio_0.8_Pruning_0_Data_29,GNN_partitioning\GNN_Data\par\Data_8\Sup_1.0_Ratio_0.8_Pruning_0\logM_8_Sup_1.0_Ratio_0.8_Pruning_0_Data_29,479.0,304.0
GNN_partitioning\GNN_Data\par\Data_8\Sup_1.0_Ratio_0.8_Pruning_0\logP_8_Sup_1.0_Ratio_0.8_Pruning_0_Data_3.xes,par,GNN_partitioning\GNN_Data\par\Data_8\Sup_1.0_Ratio_0.8_Pruning_0\logP_8_Sup_1.0_Ratio_0.8_Pruning_0_Data_3,GNN_partitioning\GNN_Data\par\Data_8\Sup_1.0_Ratio_0.8_Pruning_0\logM_8_Sup_1.0_Ratio_0.8_Pruning_0_Data_3,492.0,507.0
GNN_partitioning\GNN_Data\par\Data_8\Sup_1.0_Ratio_0.8_Pruning_0\logP_8_Sup_1.0_Ratio_0.8_Pruning_0_Data_5.xes,par,GNN_partitioning\GNN_Data\par\Data_8\Sup_1.0_Ratio_0.8_Pruning_0\logP_8_Sup_1.0_Ratio_0.8_Pruning_0_Data_5,GNN_partitioning\GNN_Data\par\Data_8\Sup_1.0_Ratio_0.8_Pruning_0\logM_8_Sup_1.0_Ratio_0.8_Pruning_0_Data_5,712.0,421.0
GNN_partitioning\GNN_Data\par\Data_8\Sup_1.0_Ratio_0.8_Pruning_0\logP_8_Sup_1.0_Ratio_0.8_Pruning_0_Data_6.xes,par,GNN_partitioning\GNN_Data\par\Data_8\Sup_1.0_Ratio_0.8_Pruning_0\logP_8_Sup_1.0_Ratio_0.8_Pruning_0_Data_6,GNN_partitioning\GNN_Data\par\Data_8\Sup_1.0_Ratio_0.8_Pruning_0\logM_8_Sup_1.0_Ratio_0.8_Pruning_0_Data_6,443.0,167.0
GNN_partitioning\GNN_Data\par\Data_8\Sup_1.0_Ratio_0.8_Pruning_0\logP_8_Sup_1.0_Ratio_0.8_Pruning_0_Data_8.xes,par,GNN_partitioning\GNN_Data\par\Data_8\Sup_1.0_Ratio_0.8_Pruning_0\logP_8_Sup_1.0_Ratio_0.8_Pruning_0_Data_8,GNN_partitioning\GNN_Data\par\Data_8\Sup_1.0_Ratio_0.8_Pruning_0\logM_8_Sup_1.0_Ratio_0.8_Pruning_0_Data_8,372.0,35.0
GNN_partitioning\GNN_Data\par\Data_8\Sup_1.0_Ratio_0.8_Pruning_0\logP_8_Sup_1.0_Ratio_0.8_Pruning_0_Data_9.xes,par,GNN_partitioning\GNN_Data\par\Data_8\Sup_1.0_Ratio_0.8_Pruning_0\logP_8_Sup_1.0_Ratio_0.8_Pruning_0_Data_9,GNN_partitioning\GNN_Data\par\Data_8\Sup_1.0_Ratio_0.8_Pruning_0\logM_8_Sup_1.0_Ratio_0.8_Pruning_0_Data_9,349.0,201.0
GNN_partitioning\GNN_Data\par\Data_8\Sup_1.0_Ratio_0.6_Pruning_0\logP_8_Sup_1.0_Ratio_0.6_Pruning_0_Data_1.xes,par,GNN_partitioning\GNN_Data\par\Data_8\Sup_1.0_Ratio_0.6_Pruning_0\logP_8_Sup_1.0_Ratio_0.6_Pruning_0_Data_1,GNN_partitioning\GNN_Data\par\Data_8\Sup_1.0_Ratio_0.6_Pruning_0\logM_8_Sup_1.0_Ratio_0.6_Pruning_0_Data_1,731.0,392.0
GNN_partitioning\GNN_Data\par\Data_8\Sup_1.0_Ratio_0.6_Pruning_0\logP_8_Sup_1.0_Ratio_0.6_Pruning_0_Data_10.xes,par,GNN_partitioning\GNN_Data\par\Data_8\Sup_1.0_Ratio_0.6_Pruning_0\logP_8_Sup_1.0_Ratio_0.6_Pruning_0_Data_10,GNN_partitioning\GNN_Data\par\Data_8\Sup_1.0_Ratio_0.6_Pruning_0\logM_8_Sup_1.0_Ratio_0.6_Pruning_0_Data_10,622.0,568.0
GNN_partitioning\GNN_Data\par\Data_8\Sup_1.0_Ratio_0.6_Pruning_0\logP_8_Sup_1.0_Ratio_0.6_Pruning_0_Data_11.xes,par,GNN_partitioning\GNN_Data\par\Data_8\Sup_1.0_Ratio_0.6_Pruning_0\logP_8_Sup_1.0_Ratio_0.6_Pruning_0_Data_11,GNN_partitioning\GNN_Data\par\Data_8\Sup_1.0_Ratio_0.6_Pruning_0\logM_8_Sup_1.0_Ratio_0.6_Pruning_0_Data_11,661.0,568.0
GNN_partitioning\GNN_Data\par\Data_8\Sup_1.0_Ratio_0.6_Pruning_0\logP_8_Sup_1.0_Ratio_0.6_Pruning_0_Data_12.xes,par,GNN_partitioning\GNN_Data\par\Data_8\Sup_1.0_Ratio_0.6_Pruning_0\logP_8_Sup_1.0_Ratio_0.6_Pruning_0_Data_12,GNN_partitioning\GNN_Data\par\Data_8\Sup_1.0_Ratio_0.6_Pruning_0\logM_8_Sup_1.0_Ratio_0.6_Pruning_0_Data_12,658.0,584.0
GNN_partitioning\GNN_Data\par\Data_8\Sup_1.0_Ratio_0.6_Pruning_0\logP_8_Sup_1.0_Ratio_0.6_Pruning_0_Data_13.xes,par,GNN_partitioning\GNN_Data\par\Data_8\Sup_1.0_Ratio_0.6_Pruning_0\logP_8_Sup_1.0_Ratio_0.6_Pruning_0_Data_13,GNN_partitioning\GNN_Data\par\Data_8\Sup_1.0_Ratio_0.6_Pruning_0\logM_8_Sup_1.0_Ratio_0.6_Pruning_0_Data_13,700.0,751.0
GNN_partitioning\GNN_Data\par\Data_8\Sup_1.0_Ratio_0.6_Pruning_0\logP_8_Sup_1.0_Ratio_0.6_Pruning_0_Data_15.xes,par,GNN_partitioning\GNN_Data\par\Data_8\Sup_1.0_Ratio_0.6_Pruning_0\logP_8_Sup_1.0_Ratio_0.6_Pruning_0_Data_15,GNN_partitioning\GNN_Data\par\Data_8\Sup_1.0_Ratio_0.6_Pruning_0\logM_8_Sup_1.0_Ratio_0.6_Pruning_0_Data_15,518.0,604.0
GNN_partitioning\GNN_Data\par\Data_8\Sup_1.0_Ratio_0.6_Pruning_0\logP_8_Sup_1.0_Ratio_0.6_Pruning_0_Data_16.xes,par,GNN_partitioning\GNN_Data\par\Data_8\Sup_1.0_Ratio_0.6_Pruning_0\logP_8_Sup_1.0_Ratio_0.6_Pruning_0_Data_16,GNN_partitioning\GNN_Data\par\Data_8\Sup_1.0_Ratio_0.6_Pruning_0\logM_8_Sup_1.0_Ratio_0.6_Pruning_0_Data_16,599.0,588.0
GNN_partitioning\GNN_Data\par\Data_8\Sup_1.0_Ratio_0.6_Pruning_0\logP_8_Sup_1.0_Ratio_0.6_Pruning_0_Data_17.xes,par,GNN_partitioning\GNN_Data\par\Data_8\Sup_1.0_Ratio_0.6_Pruning_0\logP_8_Sup_1.0_Ratio_0.6_Pruning_0_Data_17,GNN_partitioning\GNN_Data\par\Data_8\Sup_1.0_Ratio_0.6_Pruning_0\logM_8_Sup_1.0_Ratio_0.6_Pruning_0_Data_17,402.0,55.0
GNN_partitioning\GNN_Data\par\Data_8\Sup_1.0_Ratio_0.6_Pruning_0\logP_8_Sup_1.0_Ratio_0.6_Pruning_0_Data_18.xes,par,GNN_partitioning\GNN_Data\par\Data_8\Sup_1.0_Ratio_0.6_Pruning_0\logP_8_Sup_1.0_Ratio_0.6_Pruning_0_Data_18,GNN_partitioning\GNN_Data\par\Data_8\Sup_1.0_Ratio_0.6_Pruning_0\logM_8_Sup_1.0_Ratio_0.6_Pruning_0_Data_18,690.0,691.0
GNN_partitioning\GNN_Data\par\Data_8\Sup_1.0_Ratio_0.6_Pruning_0\logP_8_Sup_1.0_Ratio_0.6_Pruning_0_Data_19.xes,par,GNN_partitioning\GNN_Data\par\Data_8\Sup_1.0_Ratio_0.6_Pruning_0\logP_8_Sup_1.0_Ratio_0.6_Pruning_0_Data_19,GNN_partitioning\GNN_Data\par\Data_8\Sup_1.0_Ratio_0.6_Pruning_0\logM_8_Sup_1.0_Ratio_0.6_Pruning_0_Data_19,59.0,21.0
GNN_partitioning\GNN_Data\par\Data_8\Sup_1.0_Ratio_0.6_Pruning_0\logP_8_Sup_1.0_Ratio_0.6_Pruning_0_Data_2.xes,par,GNN_partitioning\GNN_Data\par\Data_8\Sup_1.0_Ratio_0.6_Pruning_0\logP_8_Sup_1.0_Ratio_0.6_Pruning_0_Data_2,GNN_partitioning\GNN_Data\par\Data_8\Sup_1.0_Ratio_0.6_Pruning_0\logM_8_Sup_1.0_Ratio_0.6_Pruning_0_Data_2,721.0,958.0
GNN_partitioning\GNN_Data\par\Data_8\Sup_1.0_Ratio_0.6_Pruning_0\logP_8_Sup_1.0_Ratio_0.6_Pruning_0_Data_20.xes,par,GNN_partitioning\GNN_Data\par\Data_8\Sup_1.0_Ratio_0.6_Pruning_0\logP_8_Sup_1.0_Ratio_0.6_Pruning_0_Data_20,GNN_partitioning\GNN_Data\par\Data_8\Sup_1.0_Ratio_0.6_Pruning_0\logM_8_Sup_1.0_Ratio_0.6_Pruning_0_Data_20,234.0,33.0
GNN_partitioning\GNN_Data\par\Data_8\Sup_1.0_Ratio_0.6_Pruning_0\logP_8_Sup_1.0_Ratio_0.6_Pruning_0_Data_21.xes,par,GNN_partitioning\GNN_Data\par\Data_8\Sup_1.0_Ratio_0.6_Pruning_0\logP_8_Sup_1.0_Ratio_0.6_Pruning_0_Data_21,GNN_partitioning\GNN_Data\par\Data_8\Sup_1.0_Ratio_0.6_Pruning_0\logM_8_Sup_1.0_Ratio_0.6_Pruning_0_Data_21,369.0,292.0
GNN_partitioning\GNN_Data\par\Data_8\Sup_1.0_Ratio_0.6_Pruning_0\logP_8_Sup_1.0_Ratio_0.6_Pruning_0_Data_22.xes,par,GNN_partitioning\GNN_Data\par\Data_8\Sup_1.0_Ratio_0.6_Pruning_0\logP_8_Sup_1.0_Ratio_0.6_Pruning_0_Data_22,GNN_partitioning\GNN_Data\par\Data_8\Sup_1.0_Ratio_0.6_Pruning_0\logM_8_Sup_1.0_Ratio_0.6_Pruning_0_Data_22,624.0,633.0
GNN_partitioning\GNN_Data\par\Data_8\Sup_1.0_Ratio_0.6_Pruning_0\logP_8_Sup_1.0_Ratio_0.6_Pruning_0_Data_23.xes,par,GNN_partitioning\GNN_Data\par\Data_8\Sup_1.0_Ratio_0.6_Pruning_0\logP_8_Sup_1.0_Ratio_0.6_Pruning_0_Data_23,GNN_partitioning\GNN_Data\par\Data_8\Sup_1.0_Ratio_0.6_Pruning_0\logM_8_Sup_1.0_Ratio_0.6_Pruning_0_Data_23,221.0,126.0
GNN_partitioning\GNN_Data\par\Data_8\Sup_1.0_Ratio_0.6_Pruning_0\logP_8_Sup_1.0_Ratio_0.6_Pruning_0_Data_25.xes,par,GNN_partitioning\GNN_Data\par\Data_8\Sup_1.0_Ratio_0.6_Pruning_0\logP_8_Sup_1.0_Ratio_0.6_Pruning_0_Data_25,GNN_partitioning\GNN_Data\par\Data_8\Sup_1.0_Ratio_0.6_Pruning_0\logM_8_Sup_1.0_Ratio_0.6_Pruning_0_Data_25,774.0,546.0
GNN_partitioning\GNN_Data\exc\Data_8\Sup_1.0_Ratio_1.0_Pruning_0\logP_8_Sup_1.0_Ratio_1.0_Pruning_0_Data_1.xes,exc,GNN_partitioning\GNN_Data\exc\Data_8\Sup_1.0_Ratio_1.0_Pruning_0\logP_8_Sup_1.0_Ratio_1.0_Pruning_0_Data_1,GNN_partitioning\GNN_Data\exc\Data_8\Sup_1.0_Ratio_1.0_Pruning_0\logM_8_Sup_1.0_Ratio_1.0_Pruning_0_Data_1,103.0,111.0
GNN_partitioning\GNN_Data\exc\Data_8\Sup_1.0_Ratio_1.0_Pruning_0\logP_8_Sup_1.0_Ratio_1.0_Pruning_0_Data_10.xes,exc,GNN_partitioning\GNN_Data\exc\Data_8\Sup_1.0_Ratio_1.0_Pruning_0\logP_8_Sup_1.0_Ratio_1.0_Pruning_0_Data_10,GNN_partitioning\GNN_Data\exc\Data_8\Sup_1.0_Ratio_1.0_Pruning_0\logM_8_Sup_1.0_Ratio_1.0_Pruning_0_Data_10,51.0,15.0
GNN_partitioning\GNN_Data\exc\Data_8\Sup_1.0_Ratio_1.0_Pruning_0\logP_8_Sup_1.0_Ratio_1.0_Pruning_0_Data_11.xes,exc,GNN_partitioning\GNN_Data\exc\Data_8\Sup_1.0_Ratio_1.0_Pruning_0\logP_8_Sup_1.0_Ratio_1.0_Pruning_0_Data_11,GNN_partitioning\GNN_Data\exc\Data_8\Sup_1.0_Ratio_1.0_Pruning_0\logM_8_Sup_1.0_Ratio_1.0_Pruning_0_Data_11,59.0,15.0
GNN_partitioning\GNN_Data\exc\Data_8\Sup_1.0_Ratio_1.0_Pruning_0\logP_8_Sup_1.0_Ratio_1.0_Pruning_0_Data_12.xes,exc,GNN_partitioning\GNN_Data\exc\Data_8\Sup_1.0_Ratio_1.0_Pruning_0\logP_8_Sup_1.0_Ratio_1.0_Pruning_0_Data_12,GNN_partitioning\GNN_Data\exc\Data_8\Sup_1.0_Ratio_1.0_Pruning_0\logM_8_Sup_1.0_Ratio_1.0_Pruning_0_Data_12,147.0,39.0
GNN_partitioning\GNN_Data\exc\Data_8\Sup_1.0_Ratio_1.0_Pruning_0\logP_8_Sup_1.0_Ratio_1.0_Pruning_0_Data_14.xes,exc,GNN_partitioning\GNN_Data\exc\Data_8\Sup_1.0_Ratio_1.0_Pruning_0\logP_8_Sup_1.0_Ratio_1.0_Pruning_0_Data_14,GNN_partitioning\GNN_Data\exc\Data_8\Sup_1.0_Ratio_1.0_Pruning_0\logM_8_Sup_1.0_Ratio_1.0_Pruning_0_Data_14,501.0,385.0
GNN_partitioning\GNN_Data\exc\Data_8\Sup_1.0_Ratio_1.0_Pruning_0\logP_8_Sup_1.0_Ratio_1.0_Pruning_0_Data_15.xes,exc,GNN_partitioning\GNN_Data\exc\Data_8\Sup_1.0_Ratio_1.0_Pruning_0\logP_8_Sup_1.0_Ratio_1.0_Pruning_0_Data_15,GNN_partitioning\GNN_Data\exc\Data_8\Sup_1.0_Ratio_1.0_Pruning_0\logM_8_Sup_1.0_Ratio_1.0_Pruning_0_Data_15,338.0,179.0
GNN_partitioning\GNN_Data\exc\Data_8\Sup_1.0_Ratio_1.0_Pruning_0\logP_8_Sup_1.0_Ratio_1.0_Pruning_0_Data_16.xes,exc,GNN_partitioning\GNN_Data\exc\Data_8\Sup_1.0_Ratio_1.0_Pruning_0\logP_8_Sup_1.0_Ratio_1.0_Pruning_0_Data_16,GNN_partitioning\GNN_Data\exc\Data_8\Sup_1.0_Ratio_1.0_Pruning_0\logM_8_Sup_1.0_Ratio_1.0_Pruning_0_Data_16,202.0,160.0
GNN_partitioning\GNN_Data\exc\Data_8\Sup_1.0_Ratio_1.0_Pruning_0\logP_8_Sup_1.0_Ratio_1.0_Pruning_0_Data_17.xes,exc,GNN_partitioning\GNN_Data\exc\Data_8\Sup_1.0_Ratio_1.0_Pruning_0\logP_8_Sup_1.0_Ratio_1.0_Pruning_0_Data_17,GNN_partitioning\GNN_Data\exc\Data_8\Sup_1.0_Ratio_1.0_Pruning_0\logM_8_Sup_1.0_Ratio_1.0_Pruning_0_Data_17,191.0,34.0
GNN_partitioning\GNN_Data\exc\Data_8\Sup_1.0_Ratio_1.0_Pruning_0\logP_8_Sup_1.0_Ratio_1.0_Pruning_0_Data_24.xes,exc,GNN_partitioning\GNN_Data\exc\Data_8\Sup_1.0_Ratio_1.0_Pruning_0\logP_8_Sup_1.0_Ratio_1.0_Pruning_0_Data_24,GNN_partitioning\GNN_Data\exc\Data_8\Sup_1.0_Ratio_1.0_Pruning_0\logM_8_Sup_1.0_Ratio_1.0_Pruning_0_Data_24,213.0,73.0
GNN_partitioning\GNN_Data\exc\Data_8\Sup_1.0_Ratio_1.0_Pruning_0\logP_8_Sup_1.0_Ratio_1.0_Pruning_0_Data_28.xes,exc,GNN_partitioning\GNN_Data\exc\Data_8\Sup_1.0_Ratio_1.0_Pruning_0\logP_8_Sup_1.0_Ratio_1.0_Pruning_0_Data_28,GNN_partitioning\GNN_Data\exc\Data_8\Sup_1.0_Ratio_1.0_Pruning_0\logM_8_Sup_1.0_Ratio_1.0_Pruning_0_Data_28,90.0,116.0
GNN_partitioning\GNN_Data\exc\Data_8\Sup_1.0_Ratio_1.0_Pruning_0\logP_8_Sup_1.0_Ratio_1.0_Pruning_0_Data_29.xes,exc,GNN_partitioning\GNN_Data\exc\Data_8\Sup_1.0_Ratio_1.0_Pruning_0\logP_8_Sup_1.0_Ratio_1.0_Pruning_0_Data_29,GNN_partitioning\GNN_Data\exc\Data_8\Sup_1.0_Ratio_1.0_Pruning_0\logM_8_Sup_1.0_Ratio_1.0_Pruning_0_Data_29,228.0,201.0
GNN_partitioning\GNN_Data\exc\Data_8\Sup_1.0_Ratio_1.0_Pruning_0\logP_8_Sup_1.0_Ratio_1.0_Pruning_0_Data_3.xes,exc,GNN_partitioning\GNN_Data\exc\Data_8\Sup_1.0_Ratio_1.0_Pruning_0\logP_8_Sup_1.0_Ratio_1.0_Pruning_0_Data_3,GNN_partitioning\GNN_Data\exc\Data_8\Sup_1.0_Ratio_1.0_Pruning_0\logM_8_Sup_1.0_Ratio_1.0_Pruning_0_Data_3,186.0,92.0
GNN_partitioning\GNN_Data\exc\Data_8\Sup_1.0_Ratio_1.0_Pruning_0\logP_8_Sup_1.0_Ratio_1.0_Pruning_0_Data_30.xes,exc,GNN_partitioning\GNN_Data\exc\Data_8\Sup_1.0_Ratio_1.0_Pruning_0\logP_8_Sup_1.0_Ratio_1.0_Pruning_0_Data_30,GNN_partitioning\GNN_Data\exc\Data_8\Sup_1.0_Ratio_1.0_Pruning_0\logM_8_Sup_1.0_Ratio_1.0_Pruning_0_Data_30,228.0,209.0
GNN_partitioning\GNN_Data\exc\Data_8\Sup_1.0_Ratio_1.0_Pruning_0\logP_8_Sup_1.0_Ratio_1.0_Pruning_0_Data_4.xes,exc,GNN_partitioning\GNN_Data\exc\Data_8\Sup_1.0_Ratio_1.0_Pruning_0\logP_8_Sup_1.0_Ratio_1.0_Pruning_0_Data_4,GNN_partitioning\GNN_Data\exc\Data_8\Sup_1.0_Ratio_1.0_Pruning_0\logM_8_Sup_1.0_Ratio_1.0_Pruning_0_Data_4,235.0,197.0
GNN_partitioning\GNN_Data\exc\Data_8\Sup_1.0_Ratio_1.0_Pruning_0\logP_8_Sup_1.0_Ratio_1.0_Pruning_0_Data_5.xes,exc,GNN_partitioning\GNN_Data\exc\Data_8\Sup_1.0_Ratio_1.0_Pruning_0\logP_8_Sup_1.0_Ratio_1.0_Pruning_0_Data_5,GNN_partitioning\GNN_Data\exc\Data_8\Sup_1.0_Ratio_1.0_Pruning_0\logM_8_Sup_1.0_Ratio_1.0_Pruning_0_Data_5,197.0,228.0
GNN_partitioning\GNN_Data\exc\Data_8\Sup_1.0_Ratio_1.0_Pruning_0\logP_8_Sup_1.0_Ratio_1.0_Pruning_0_Data_8.xes,exc,GNN_partitioning\GNN_Data\exc\Data_8\Sup_1.0_Ratio_1.0_Pruning_0\logP_8_Sup_1.0_Ratio_1.0_Pruning_0_Data_8,GNN_partitioning\GNN_Data\exc\Data_8\Sup_1.0_Ratio_1.0_Pruning_0\logM_8_Sup_1.0_Ratio_1.0_Pruning_0_Data_8,177.0,179.0
GNN_partitioning\GNN_Data\exc\Data_8\Sup_1.0_Ratio_1.0_Pruning_0\logP_8_Sup_1.0_Ratio_1.0_Pruning_0_Data_9.xes,exc,GNN_partitioning\GNN_Data\exc\Data_8\Sup_1.0_Ratio_1.0_Pruning_0\logP_8_Sup_1.0_Ratio_1.0_Pruning_0_Data_9,GNN_partitioning\GNN_Data\exc\Data_8\Sup_1.0_Ratio_1.0_Pruning_0\logM_8_Sup_1.0_Ratio_1.0_Pruning_0_Data_9,281.0,186.0
GNN_partitioning\GNN_Data\exc\Data_8\Sup_1.0_Ratio_0.8_Pruning_0\logP_8_Sup_1.0_Ratio_0.8_Pruning_0_Data_1.xes,exc,GNN_partitioning\GNN_Data\exc\Data_8\Sup_1.0_Ratio_0.8_Pruning_0\logP_8_Sup_1.0_Ratio_0.8_Pruning_0_Data_1,GNN_partitioning\GNN_Data\exc\Data_8\Sup_1.0_Ratio_0.8_Pruning_0\logM_8_Sup_1.0_Ratio_0.8_Pruning_0_Data_1,295.0,171.0
GNN_partitioning\GNN_Data\exc\Data_8\Sup_1.0_Ratio_0.8_Pruning_0\logP_8_Sup_1.0_Ratio_0.8_Pruning_0_Data_10.xes,exc,GNN_partitioning\GNN_Data\exc\Data_8\Sup_1.0_Ratio_0.8_Pruning_0\logP_8_Sup_1.0_Ratio_0.8_Pruning_0_Data_10,GNN_partitioning\GNN_Data\exc\Data_8\Sup_1.0_Ratio_0.8_Pruning_0\logM_8_Sup_1.0_Ratio_0.8_Pruning_0_Data_10,119.0,160.0
GNN_partitioning\GNN_Data\exc\Data_8\Sup_1.0_Ratio_0.8_Pruning_0\logP_8_Sup_1.0_Ratio_0.8_Pruning_0_Data_11.xes,exc,GNN_partitioning\GNN_Data\exc\Data_8\Sup_1.0_Ratio_0.8_Pruning_0\logP_8_Sup_1.0_Ratio_0.8_Pruning_0_Data_11,GNN_partitioning\GNN_Data\exc\Data_8\Sup_1.0_Ratio_0.8_Pruning_0\logM_8_Sup_1.0_Ratio_0.8_Pruning_0_Data_11,90.0,124.0
GNN_partitioning\GNN_Data\exc\Data_8\Sup_1.0_Ratio_0.8_Pruning_0\logP_8_Sup_1.0_Ratio_0.8_Pruning_0_Data_12.xes,exc,GNN_partitioning\GNN_Data\exc\Data_8\Sup_1.0_Ratio_0.8_Pruning_0\logP_8_Sup_1.0_Ratio_0.8_Pruning_0_Data_12,GNN_partitioning\GNN_Data\exc\Data_8\Sup_1.0_Ratio_0.8_Pruning_0\logM_8_Sup_1.0_Ratio_0.8_Pruning_0_Data_12,42.0,9.0
GNN_partitioning\GNN_Data\exc\Data_8\Sup_1.0_Ratio_0.8_Pruning_0\logP_8_Sup_1.0_Ratio_0.8_Pruning_0_Data_13.xes,exc,GNN_partitioning\GNN_Data\exc\Data_8\Sup_1.0_Ratio_0.8_Pruning_0\logP_8_Sup_1.0_Ratio_0.8_Pruning_0_Data_13,GNN_partitioning\GNN_Data\exc\Data_8\Sup_1.0_Ratio_0.8_Pruning_0\logM_8_Sup_1.0_Ratio_0.8_Pruning_0_Data_13,336.0,352.0
GNN_partitioning\GNN_Data\exc\Data_8\Sup_1.0_Ratio_0.8_Pruning_0\logP_8_Sup_1.0_Ratio_0.8_Pruning_0_Data_15.xes,exc,GNN_partitioning\GNN_Data\exc\Data_8\Sup_1.0_Ratio_0.8_Pruning_0\logP_8_Sup_1.0_Ratio_0.8_Pruning_0_Data_15,GNN_partitioning\GNN_Data\exc\Data_8\Sup_1.0_Ratio_0.8_Pruning_0\logM_8_Sup_1.0_Ratio_0.8_Pruning_0_Data_15,86.0,126.0
GNN_partitioning\GNN_Data\exc\Data_8\Sup_1.0_Ratio_0.8_Pruning_0\logP_8_Sup_1.0_Ratio_0.8_Pruning_0_Data_16.xes,exc,GNN_partitioning\GNN_Data\exc\Data_8\Sup_1.0_Ratio_0.8_Pruning_0\logP_8_Sup_1.0_Ratio_0.8_Pruning_0_Data_16,GNN_partitioning\GNN_Data\exc\Data_8\Sup_1.0_Ratio_0.8_Pruning_0\logM_8_Sup_1.0_Ratio_0.8_Pruning_0_Data_16,145.0,84.0
GNN_partitioning\GNN_Data\exc\Data_8\Sup_1.0_Ratio_0.8_Pruning_0\logP_8_Sup_1.0_Ratio_0.8_Pruning_0_Data_17.xes,exc,GNN_partitioning\GNN_Data\exc\Data_8\Sup_1.0_Ratio_0.8_Pruning_0\logP_8_Sup_1.0_Ratio_0.8_Pruning_0_Data_17,GNN_partitioning\GNN_Data\exc\Data_8\Sup_1.0_Ratio_0.8_Pruning_0\logM_8_Sup_1.0_Ratio_0.8_Pruning_0_Data_17,148.0,118.0
GNN_partitioning\GNN_Data\exc\Data_8\Sup_1.0_Ratio_0.8_Pruning_0\logP_8_Sup_1.0_Ratio_0.8_Pruning_0_Data_18.xes,exc,GNN_partitioning\GNN_Data\exc\Data_8\Sup_1.0_Ratio_0.8_Pruning_0\logP_8_Sup_1.0_Ratio_0.8_Pruning_0_Data_18,GNN_partitioning\GNN_Data\exc\Data_8\Sup_1.0_Ratio_0.8_Pruning_0\logM_8_Sup_1.0_Ratio_0.8_Pruning_0_Data_18,235.0,166.0
GNN_partitioning\GNN_Data\exc\Data_8\Sup_1.0_Ratio_0.8_Pruning_0\logP_8_Sup_1.0_Ratio_0.8_Pruning_0_Data_2.xes,exc,GNN_partitioning\GNN_Data\exc\Data_8\Sup_1.0_Ratio_0.8_Pruning_0\logP_8_Sup_1.0_Ratio_0.8_Pruning_0_Data_2,GNN_partitioning\GNN_Data\exc\Data_8\Sup_1.0_Ratio_0.8_Pruning_0\logM_8_Sup_1.0_Ratio_0.8_Pruning_0_Data_2,129.0,234.0
GNN_partitioning\GNN_Data\exc\Data_8\Sup_1.0_Ratio_0.8_Pruning_0\logP_8_Sup_1.0_Ratio_0.8_Pruning_0_Data_21.xes,exc,GNN_partitioning\GNN_Data\exc\Data_8\Sup_1.0_Ratio_0.8_Pruning_0\logP_8_Sup_1.0_Ratio_0.8_Pruning_0_Data_21,GNN_partitioning\GNN_Data\exc\Data_8\Sup_1.0_Ratio_0.8_Pruning_0\logM_8_Sup_1.0_Ratio_0.8_Pruning_0_Data_21,71.0,46.0
GNN_partitioning\GNN_Data\exc\Data_8\Sup_1.0_Ratio_0.8_Pruning_0\logP_8_Sup_1.0_Ratio_0.8_Pruning_0_Data_22.xes,exc,GNN_partitioning\GNN_Data\exc\Data_8\Sup_1.0_Ratio_0.8_Pruning_0\logP_8_Sup_1.0_Ratio_0.8_Pruning_0_Data_22,GNN_partitioning\GNN_Data\exc\Data_8\Sup_1.0_Ratio_0.8_Pruning_0\logM_8_Sup_1.0_Ratio_0.8_Pruning_0_Data_22,13.0,13.0
GNN_partitioning\GNN_Data\exc\Data_8\Sup_1.0_Ratio_0.8_Pruning_0\logP_8_Sup_1.0_Ratio_0.8_Pruning_0_Data_23.xes,exc,GNN_partitioning\GNN_Data\exc\Data_8\Sup_1.0_Ratio_0.8_Pruning_0\logP_8_Sup_1.0_Ratio_0.8_Pruning_0_Data_23,GNN_partitioning\GNN_Data\exc\Data_8\Sup_1.0_Ratio_0.8_Pruning_0\logM_8_Sup_1.0_Ratio_0.8_Pruning_0_Data_23,56.0,45.0
GNN_partitioning\GNN_Data\exc\Data_8\Sup_1.0_Ratio_0.8_Pruning_0\logP_8_Sup_1.0_Ratio_0.8_Pruning_0_Data_24.xes,exc,GNN_partitioning\GNN_Data\exc\Data_8\Sup_1.0_Ratio_0.8_Pruning_0\logP_8_Sup_1.0_Ratio_0.8_Pruning_0_Data_24,GNN_partitioning\GNN_Data\exc\Data_8\Sup_1.0_Ratio_0.8_Pruning_0\logM_8_Sup_1.0_Ratio_0.8_Pruning_0_Data_24,112.0,92.0
GNN_partitioning\GNN_Data\exc\Data_8\Sup_1.0_Ratio_0.8_Pruning_0\logP_8_Sup_1.0_Ratio_0.8_Pruning_0_Data_25.xes,exc,GNN_partitioning\GNN_Data\exc\Data_8\Sup_1.0_Ratio_0.8_Pruning_0\logP_8_Sup_1.0_Ratio_0.8_Pruning_0_Data_25,GNN_partitioning\GNN_Data\exc\Data_8\Sup_1.0_Ratio_0.8_Pruning_0\logM_8_Sup_1.0_Ratio_0.8_Pruning_0_Data_25,62.0,102.0
GNN_partitioning\GNN_Data\exc\Data_8\Sup_1.0_Ratio_0.8_Pruning_0\logP_8_Sup_1.0_Ratio_0.8_Pruning_0_Data_26.xes,exc,GNN_partitioning\GNN_Data\exc\Data_8\Sup_1.0_Ratio_0.8_Pruning_0\logP_8_Sup_1.0_Ratio_0.8_Pruning_0_Data_26,GNN_partitioning\GNN_Data\exc\Data_8\Sup_1.0_Ratio_0.8_Pruning_0\logM_8_Sup_1.0_Ratio_0.8_Pruning_0_Data_26,284.0,122.0
GNN_partitioning\GNN_Data\exc\Data_8\Sup_1.0_Ratio_0.8_Pruning_0\logP_8_Sup_1.0_Ratio_0.8_Pruning_0_Data_27.xes,exc,GNN_partitioning\GNN_Data\exc\Data_8\Sup_1.0_Ratio_0.8_Pruning_0\logP_8_Sup_1.0_Ratio_0.8_Pruning_0_Data_27,GNN_partitioning\GNN_Data\exc\Data_8\Sup_1.0_Ratio_0.8_Pruning_0\logM_8_Sup_1.0_Ratio_0.8_Pruning_0_Data_27,14.0,14.0
GNN_partitioning\GNN_Data\exc\Data_8\Sup_1.0_Ratio_0.8_Pruning_0\logP_8_Sup_1.0_Ratio_0.8_Pruning_0_Data_29.xes,exc,GNN_partitioning\GNN_Data\exc\Data_8\Sup_1.0_Ratio_0.8_Pruning_0\logP_8_Sup_1.0_Ratio_0.8_Pruning_0_Data_29,GNN_partitioning\GNN_Data\exc\Data_8\Sup_1.0_Ratio_0.8_Pruning_0\logM_8_Sup_1.0_Ratio_0.8_Pruning_0_Data_29,175.0,12.0
GNN_partitioning\GNN_Data\exc\Data_8\Sup_1.0_Ratio_0.8_Pruning_0\logP_8_Sup_1.0_Ratio_0.8_Pruning_0_Data_3.xes,exc,GNN_partitioning\GNN_Data\exc\Data_8\Sup_1.0_Ratio_0.8_Pruning_0\logP_8_Sup_1.0_Ratio_0.8_Pruning_0_Data_3,GNN_partitioning\GNN_Data\exc\Data_8\Sup_1.0_Ratio_0.8_Pruning_0\logM_8_Sup_1.0_Ratio_0.8_Pruning_0_Data_3,19.0,18.0
GNN_partitioning\GNN_Data\exc\Data_8\Sup_1.0_Ratio_0.8_Pruning_0\logP_8_Sup_1.0_Ratio_0.8_Pruning_0_Data_30.xes,exc,GNN_partitioning\GNN_Data\exc\Data_8\Sup_1.0_Ratio_0.8_Pruning_0\logP_8_Sup_1.0_Ratio_0.8_Pruning_0_Data_30,GNN_partitioning\GNN_Data\exc\Data_8\Sup_1.0_Ratio_0.8_Pruning_0\logM_8_Sup_1.0_Ratio_0.8_Pruning_0_Data_30,323.0,88.0
GNN_partitioning\GNN_Data\exc\Data_8\Sup_1.0_Ratio_0.8_Pruning_0\logP_8_Sup_1.0_Ratio_0.8_Pruning_0_Data_4.xes,exc,GNN_partitioning\GNN_Data\exc\Data_8\Sup_1.0_Ratio_0.8_Pruning_0\logP_8_Sup_1.0_Ratio_0.8_Pruning_0_Data_4,GNN_partitioning\GNN_Data\exc\Data_8\Sup_1.0_Ratio_0.8_Pruning_0\logM_8_Sup_1.0_Ratio_0.8_Pruning_0_Data_4,141.0,84.0
GNN_partitioning\GNN_Data\exc\Data_8\Sup_1.0_Ratio_0.8_Pruning_0\logP_8_Sup_1.0_Ratio_0.8_Pruning_0_Data_5.xes,exc,GNN_partitioning\GNN_Data\exc\Data_8\Sup_1.0_Ratio_0.8_Pruning_0\logP_8_Sup_1.0_Ratio_0.8_Pruning_0_Data_5,GNN_partitioning\GNN_Data\exc\Data_8\Sup_1.0_Ratio_0.8_Pruning_0\logM_8_Sup_1.0_Ratio_0.8_Pruning_0_Data_5,280.0,173.0
GNN_partitioning\GNN_Data\exc\Data_8\Sup_1.0_Ratio_0.8_Pruning_0\logP_8_Sup_1.0_Ratio_0.8_Pruning_0_Data_6.xes,exc,GNN_partitioning\GNN_Data\exc\Data_8\Sup_1.0_Ratio_0.8_Pruning_0\logP_8_Sup_1.0_Ratio_0.8_Pruning_0_Data_6,GNN_partitioning\GNN_Data\exc\Data_8\Sup_1.0_Ratio_0.8_Pruning_0\logM_8_Sup_1.0_Ratio_0.8_Pruning_0_Data_6,213.0,209.0
GNN_partitioning\GNN_Data\exc\Data_8\Sup_1.0_Ratio_0.8_Pruning_0\logP_8_Sup_1.0_Ratio_0.8_Pruning_0_Data_7.xes,exc,GNN_partitioning\GNN_Data\exc\Data_8\Sup_1.0_Ratio_0.8_Pruning_0\logP_8_Sup_1.0_Ratio_0.8_Pruning_0_Data_7,GNN_partitioning\GNN_Data\exc\Data_8\Sup_1.0_Ratio_0.8_Pruning_0\logM_8_Sup_1.0_Ratio_0.8_Pruning_0_Data_7,165.0,125.0
GNN_partitioning\GNN_Data\exc\Data_8\Sup_1.0_Ratio_0.8_Pruning_0\logP_8_Sup_1.0_Ratio_0.8_Pruning_0_Data_9.xes,exc,GNN_partitioning\GNN_Data\exc\Data_8\Sup_1.0_Ratio_0.8_Pruning_0\logP_8_Sup_1.0_Ratio_0.8_Pruning_0_Data_9,GNN_partitioning\GNN_Data\exc\Data_8\Sup_1.0_Ratio_0.8_Pruning_0\logM_8_Sup_1.0_Ratio_0.8_Pruning_0_Data_9,235.0,229.0
GNN_partitioning\GNN_Data\exc\Data_8\Sup_1.0_Ratio_0.6_Pruning_0\logP_8_Sup_1.0_Ratio_0.6_Pruning_0_Data_1.xes,exc,GNN_partitioning\GNN_Data\exc\Data_8\Sup_1.0_Ratio_0.6_Pruning_0\logP_8_Sup_1.0_Ratio_0.6_Pruning_0_Data_1,GNN_partitioning\GNN_Data\exc\Data_8\Sup_1.0_Ratio_0.6_Pruning_0\logM_8_Sup_1.0_Ratio_0.6_Pruning_0_Data_1,268.0,212.0
GNN_partitioning\GNN_Data\exc\Data_8\Sup_1.0_Ratio_0.6_Pruning_0\logP_8_Sup_1.0_Ratio_0.6_Pruning_0_Data_10.xes,exc,GNN_partitioning\GNN_Data\exc\Data_8\Sup_1.0_Ratio_0.6_Pruning_0\logP_8_Sup_1.0_Ratio_0.6_Pruning_0_Data_10,GNN_partitioning\GNN_Data\exc\Data_8\Sup_1.0_Ratio_0.6_Pruning_0\logM_8_Sup_1.0_Ratio_0.6_Pruning_0_Data_10,215.0,223.0
GNN_partitioning\GNN_Data\exc\Data_8\Sup_1.0_Ratio_0.6_Pruning_0\logP_8_Sup_1.0_Ratio_0.6_Pruning_0_Data_11.xes,exc,GNN_partitioning\GNN_Data\exc\Data_8\Sup_1.0_Ratio_0.6_Pruning_0\logP_8_Sup_1.0_Ratio_0.6_Pruning_0_Data_11,GNN_partitioning\GNN_Data\exc\Data_8\Sup_1.0_Ratio_0.6_Pruning_0\logM_8_Sup_1.0_Ratio_0.6_Pruning_0_Data_11,124.0,93.0
GNN_partitioning\GNN_Data\exc\Data_8\Sup_1.0_Ratio_0.6_Pruning_0\logP_8_Sup_1.0_Ratio_0.6_Pruning_0_Data_12.xes,exc,GNN_partitioning\GNN_Data\exc\Data_8\Sup_1.0_Ratio_0.6_Pruning_0\logP_8_Sup_1.0_Ratio_0.6_Pruning_0_Data_12,GNN_partitioning\GNN_Data\exc\Data_8\Sup_1.0_Ratio_0.6_Pruning_0\logM_8_Sup_1.0_Ratio_0.6_Pruning_0_Data_12,16.0,15.0
GNN_partitioning\GNN_Data\exc\Data_8\Sup_1.0_Ratio_0.6_Pruning_0\logP_8_Sup_1.0_Ratio_0.6_Pruning_0_Data_13.xes,exc,GNN_partitioning\GNN_Data\exc\Data_8\Sup_1.0_Ratio_0.6_Pruning_0\logP_8_Sup_1.0_Ratio_0.6_Pruning_0_Data_13,GNN_partitioning\GNN_Data\exc\Data_8\Sup_1.0_Ratio_0.6_Pruning_0\logM_8_Sup_1.0_Ratio_0.6_Pruning_0_Data_13,91.0,118.0
GNN_partitioning\GNN_Data\exc\Data_8\Sup_1.0_Ratio_0.6_Pruning_0\logP_8_Sup_1.0_Ratio_0.6_Pruning_0_Data_14.xes,exc,GNN_partitioning\GNN_Data\exc\Data_8\Sup_1.0_Ratio_0.6_Pruning_0\logP_8_Sup_1.0_Ratio_0.6_Pruning_0_Data_14,GNN_partitioning\GNN_Data\exc\Data_8\Sup_1.0_Ratio_0.6_Pruning_0\logM_8_Sup_1.0_Ratio_0.6_Pruning_0_Data_14,93.0,173.0
GNN_partitioning\GNN_Data\exc\Data_8\Sup_1.0_Ratio_0.6_Pruning_0\logP_8_Sup_1.0_Ratio_0.6_Pruning_0_Data_15.xes,exc,GNN_partitioning\GNN_Data\exc\Data_8\Sup_1.0_Ratio_0.6_Pruning_0\logP_8_Sup_1.0_Ratio_0.6_Pruning_0_Data_15,GNN_partitioning\GNN_Data\exc\Data_8\Sup_1.0_Ratio_0.6_Pruning_0\logM_8_Sup_1.0_Ratio_0.6_Pruning_0_Data_15,57.0,56.0
GNN_partitioning\GNN_Data\exc\Data_8\Sup_1.0_Ratio_0.6_Pruning_0\logP_8_Sup_1.0_Ratio_0.6_Pruning_0_Data_17.xes,exc,GNN_partitioning\GNN_Data\exc\Data_8\Sup_1.0_Ratio_0.6_Pruning_0\logP_8_Sup_1.0_Ratio_0.6_Pruning_0_Data_17,GNN_partitioning\GNN_Data\exc\Data_8\Sup_1.0_Ratio_0.6_Pruning_0\logM_8_Sup_1.0_Ratio_0.6_Pruning_0_Data_17,129.0,177.0
GNN_partitioning\GNN_Data\loop\Data_8\Sup_1.0_Ratio_1.0_Pruning_0\logP_8_Sup_1.0_Ratio_1.0_Pruning_0_Data_11.xes,loop,GNN_partitioning\GNN_Data\loop\Data_8\Sup_1.0_Ratio_1.0_Pruning_0\logP_8_Sup_1.0_Ratio_1.0_Pruning_0_Data_11,GNN_partitioning\GNN_Data\loop\Data_8\Sup_1.0_Ratio_1.0_Pruning_0\logM_8_Sup_1.0_Ratio_1.0_Pruning_0_Data_11,135.0,56.0
GNN_partitioning\GNN_Data\loop\Data_8\Sup_1.0_Ratio_1.0_Pruning_0\logP_8_Sup_1.0_Ratio_1.0_Pruning_0_Data_12.xes,loop,GNN_partitioning\GNN_Data\loop\Data_8\Sup_1.0_Ratio_1.0_Pruning_0\logP_8_Sup_1.0_Ratio_1.0_Pruning_0_Data_12,GNN_partitioning\GNN_Data\loop\Data_8\Sup_1.0_Ratio_1.0_Pruning_0\logM_8_Sup_1.0_Ratio_1.0_Pruning_0_Data_12,258.0,137.0
GNN_partitioning\GNN_Data\loop\Data_8\Sup_1.0_Ratio_1.0_Pruning_0\logP_8_Sup_1.0_Ratio_1.0_Pruning_0_Data_13.xes,loop,GNN_partitioning\GNN_Data\loop\Data_8\Sup_1.0_Ratio_1.0_Pruning_0\logP_8_Sup_1.0_Ratio_1.0_Pruning_0_Data_13,GNN_partitioning\GNN_Data\loop\Data_8\Sup_1.0_Ratio_1.0_Pruning_0\logM_8_Sup_1.0_Ratio_1.0_Pruning_0_Data_13,379.0,250.0
GNN_partitioning\GNN_Data\loop\Data_8\Sup_1.0_Ratio_1.0_Pruning_0\logP_8_Sup_1.0_Ratio_1.0_Pruning_0_Data_14.xes,loop,GNN_partitioning\GNN_Data\loop\Data_8\Sup_1.0_Ratio_1.0_Pruning_0\logP_8_Sup_1.0_Ratio_1.0_Pruning_0_Data_14,GNN_partitioning\GNN_Data\loop\Data_8\Sup_1.0_Ratio_1.0_Pruning_0\logM_8_Sup_1.0_Ratio_1.0_Pruning_0_Data_14,226.0,95.0
GNN_partitioning\GNN_Data\loop\Data_8\Sup_1.0_Ratio_1.0_Pruning_0\logP_8_Sup_1.0_Ratio_1.0_Pruning_0_Data_17.xes,loop,GNN_partitioning\GNN_Data\loop\Data_8\Sup_1.0_Ratio_1.0_Pruning_0\logP_8_Sup_1.0_Ratio_1.0_Pruning_0_Data_17,GNN_partitioning\GNN_Data\loop\Data_8\Sup_1.0_Ratio_1.0_Pruning_0\logM_8_Sup_1.0_Ratio_1.0_Pruning_0_Data_17,349.0,255.0
GNN_partitioning\GNN_Data\loop\Data_8\Sup_1.0_Ratio_1.0_Pruning_0\logP_8_Sup_1.0_Ratio_1.0_Pruning_0_Data_18.xes,loop,GNN_partitioning\GNN_Data\loop\Data_8\Sup_1.0_Ratio_1.0_Pruning_0\logP_8_Sup_1.0_Ratio_1.0_Pruning_0_Data_18,GNN_partitioning\GNN_Data\loop\Data_8\Sup_1.0_Ratio_1.0_Pruning_0\logM_8_Sup_1.0_Ratio_1.0_Pruning_0_Data_18,495.0,460.0
GNN_partitioning\GNN_Data\loop\Data_8\Sup_1.0_Ratio_1.0_Pruning_0\logP_8_Sup_1.0_Ratio_1.0_Pruning_0_Data_19.xes,loop,GNN_partitioning\GNN_Data\loop\Data_8\Sup_1.0_Ratio_1.0_Pruning_0\logP_8_Sup_1.0_Ratio_1.0_Pruning_0_Data_19,GNN_partitioning\GNN_Data\loop\Data_8\Sup_1.0_Ratio_1.0_Pruning_0\logM_8_Sup_1.0_Ratio_1.0_Pruning_0_Data_19,522.0,521.0
GNN_partitioning\GNN_Data\loop\Data_8\Sup_1.0_Ratio_1.0_Pruning_0\logP_8_Sup_1.0_Ratio_1.0_Pruning_0_Data_20.xes,loop,GNN_partitioning\GNN_Data\loop\Data_8\Sup_1.0_Ratio_1.0_Pruning_0\logP_8_Sup_1.0_Ratio_1.0_Pruning_0_Data_20,GNN_partitioning\GNN_Data\loop\Data_8\Sup_1.0_Ratio_1.0_Pruning_0\logM_8_Sup_1.0_Ratio_1.0_Pruning_0_Data_20,544.0,318.0
GNN_partitioning\GNN_Data\loop\Data_8\Sup_1.0_Ratio_1.0_Pruning_0\logP_8_Sup_1.0_Ratio_1.0_Pruning_0_Data_22.xes,loop,GNN_partitioning\GNN_Data\loop\Data_8\Sup_1.0_Ratio_1.0_Pruning_0\logP_8_Sup_1.0_Ratio_1.0_Pruning_0_Data_22,GNN_partitioning\GNN_Data\loop\Data_8\Sup_1.0_Ratio_1.0_Pruning_0\logM_8_Sup_1.0_Ratio_1.0_Pruning_0_Data_22,654.0,747.0
GNN_partitioning\GNN_Data\loop\Data_8\Sup_1.0_Ratio_1.0_Pruning_0\logP_8_Sup_1.0_Ratio_1.0_Pruning_0_Data_23.xes,loop,GNN_partitioning\GNN_Data\loop\Data_8\Sup_1.0_Ratio_1.0_Pruning_0\logP_8_Sup_1.0_Ratio_1.0_Pruning_0_Data_23,GNN_partitioning\GNN_Data\loop\Data_8\Sup_1.0_Ratio_1.0_Pruning_0\logM_8_Sup_1.0_Ratio_1.0_Pruning_0_Data_23,371.0,140.0
GNN_partitioning\GNN_Data\loop\Data_8\Sup_1.0_Ratio_1.0_Pruning_0\logP_8_Sup_1.0_Ratio_1.0_Pruning_0_Data_24.xes,loop,GNN_partitioning\GNN_Data\loop\Data_8\Sup_1.0_Ratio_1.0_Pruning_0\logP_8_Sup_1.0_Ratio_1.0_Pruning_0_Data_24,GNN_partitioning\GNN_Data\loop\Data_8\Sup_1.0_Ratio_1.0_Pruning_0\logM_8_Sup_1.0_Ratio_1.0_Pruning_0_Data_24,733.0,709.0
GNN_partitioning\GNN_Data\loop\Data_8\Sup_1.0_Ratio_1.0_Pruning_0\logP_8_Sup_1.0_Ratio_1.0_Pruning_0_Data_25.xes,loop,GNN_partitioning\GNN_Data\loop\Data_8\Sup_1.0_Ratio_1.0_Pruning_0\logP_8_Sup_1.0_Ratio_1.0_Pruning_0_Data_25,GNN_partitioning\GNN_Data\loop\Data_8\Sup_1.0_Ratio_1.0_Pruning_0\logM_8_Sup_1.0_Ratio_1.0_Pruning_0_Data_25,299.0,269.0
GNN_partitioning\GNN_Data\loop\Data_8\Sup_1.0_Ratio_1.0_Pruning_0\logP_8_Sup_1.0_Ratio_1.0_Pruning_0_Data_26.xes,loop,GNN_partitioning\GNN_Data\loop\Data_8\Sup_1.0_Ratio_1.0_Pruning_0\logP_8_Sup_1.0_Ratio_1.0_Pruning_0_Data_26,GNN_partitioning\GNN_Data\loop\Data_8\Sup_1.0_Ratio_1.0_Pruning_0\logM_8_Sup_1.0_Ratio_1.0_Pruning_0_Data_26,587.0,483.0
GNN_partitioning\GNN_Data\loop\Data_8\Sup_1.0_Ratio_1.0_Pruning_0\logP_8_Sup_1.0_Ratio_1.0_Pruning_0_Data_27.xes,loop,GNN_partitioning\GNN_Data\loop\Data_8\Sup_1.0_Ratio_1.0_Pruning_0\logP_8_Sup_1.0_Ratio_1.0_Pruning_0_Data_27,GNN_partitioning\GNN_Data\loop\Data_8\Sup_1.0_Ratio_1.0_Pruning_0\logM_8_Sup_1.0_Ratio_1.0_Pruning_0_Data_27,263.0,287.0
GNN_partitioning\GNN_Data\loop\Data_8\Sup_1.0_Ratio_1.0_Pruning_0\logP_8_Sup_1.0_Ratio_1.0_Pruning_0_Data_28.xes,loop,GNN_partitioning\GNN_Data\loop\Data_8\Sup_1.0_Ratio_1.0_Pruning_0\logP_8_Sup_1.0_Ratio_1.0_Pruning_0_Data_28,GNN_partitioning\GNN_Data\loop\Data_8\Sup_1.0_Ratio_1.0_Pruning_0\logM_8_Sup_1.0_Ratio_1.0_Pruning_0_Data_28,520.0,552.0
GNN_partitioning\GNN_Data\loop\Data_8\Sup_1.0_Ratio_1.0_Pruning_0\logP_8_Sup_1.0_Ratio_1.0_Pruning_0_Data_3.xes,loop,GNN_partitioning\GNN_Data\loop\Data_8\Sup_1.0_Ratio_1.0_Pruning_0\logP_8_Sup_1.0_Ratio_1.0_Pruning_0_Data_3,GNN_partitioning\GNN_Data\loop\Data_8\Sup_1.0_Ratio_1.0_Pruning_0\logM_8_Sup_1.0_Ratio_1.0_Pruning_0_Data_3,473.0,446.0
GNN_partitioning\GNN_Data\loop\Data_8\Sup_1.0_Ratio_1.0_Pruning_0\logP_8_Sup_1.0_Ratio_1.0_Pruning_0_Data_4.xes,loop,GNN_partitioning\GNN_Data\loop\Data_8\Sup_1.0_Ratio_1.0_Pruning_0\logP_8_Sup_1.0_Ratio_1.0_Pruning_0_Data_4,GNN_partitioning\GNN_Data\loop\Data_8\Sup_1.0_Ratio_1.0_Pruning_0\logM_8_Sup_1.0_Ratio_1.0_Pruning_0_Data_4,335.0,301.0
GNN_partitioning\GNN_Data\loop\Data_8\Sup_1.0_Ratio_1.0_Pruning_0\logP_8_Sup_1.0_Ratio_1.0_Pruning_0_Data_6.xes,loop,GNN_partitioning\GNN_Data\loop\Data_8\Sup_1.0_Ratio_1.0_Pruning_0\logP_8_Sup_1.0_Ratio_1.0_Pruning_0_Data_6,GNN_partitioning\GNN_Data\loop\Data_8\Sup_1.0_Ratio_1.0_Pruning_0\logM_8_Sup_1.0_Ratio_1.0_Pruning_0_Data_6,666.0,571.0
GNN_partitioning\GNN_Data\loop\Data_8\Sup_1.0_Ratio_1.0_Pruning_0\logP_8_Sup_1.0_Ratio_1.0_Pruning_0_Data_8.xes,loop,GNN_partitioning\GNN_Data\loop\Data_8\Sup_1.0_Ratio_1.0_Pruning_0\logP_8_Sup_1.0_Ratio_1.0_Pruning_0_Data_8,GNN_partitioning\GNN_Data\loop\Data_8\Sup_1.0_Ratio_1.0_Pruning_0\logM_8_Sup_1.0_Ratio_1.0_Pruning_0_Data_8,457.0,454.0
GNN_partitioning\GNN_Data\loop\Data_8\Sup_1.0_Ratio_1.0_Pruning_0\logP_8_Sup_1.0_Ratio_1.0_Pruning_0_Data_9.xes,loop,GNN_partitioning\GNN_Data\loop\Data_8\Sup_1.0_Ratio_1.0_Pruning_0\logP_8_Sup_1.0_Ratio_1.0_Pruning_0_Data_9,GNN_partitioning\GNN_Data\loop\Data_8\Sup_1.0_Ratio_1.0_Pruning_0\logM_8_Sup_1.0_Ratio_1.0_Pruning_0_Data_9,415.0,403.0
GNN_partitioning\GNN_Data\loop\Data_8\Sup_1.0_Ratio_0.8_Pruning_0\logP_8_Sup_1.0_Ratio_0.8_Pruning_0_Data_1.xes,loop,GNN_partitioning\GNN_Data\loop\Data_8\Sup_1.0_Ratio_0.8_Pruning_0\logP_8_Sup_1.0_Ratio_0.8_Pruning_0_Data_1,GNN_partitioning\GNN_Data\loop\Data_8\Sup_1.0_Ratio_0.8_Pruning_0\logM_8_Sup_1.0_Ratio_0.8_Pruning_0_Data_1,599.0,513.0
GNN_partitioning\GNN_Data\loop\Data_8\Sup_1.0_Ratio_0.8_Pruning_0\logP_8_Sup_1.0_Ratio_0.8_Pruning_0_Data_10.xes,loop,GNN_partitioning\GNN_Data\loop\Data_8\Sup_1.0_Ratio_0.8_Pruning_0\logP_8_Sup_1.0_Ratio_0.8_Pruning_0_Data_10,GNN_partitioning\GNN_Data\loop\Data_8\Sup_1.0_Ratio_0.8_Pruning_0\logM_8_Sup_1.0_Ratio_0.8_Pruning_0_Data_10,762.0,862.0
GNN_partitioning\GNN_Data\loop\Data_8\Sup_1.0_Ratio_0.8_Pruning_0\logP_8_Sup_1.0_Ratio_0.8_Pruning_0_Data_11.xes,loop,GNN_partitioning\GNN_Data\loop\Data_8\Sup_1.0_Ratio_0.8_Pruning_0\logP_8_Sup_1.0_Ratio_0.8_Pruning_0_Data_11,GNN_partitioning\GNN_Data\loop\Data_8\Sup_1.0_Ratio_0.8_Pruning_0\logM_8_Sup_1.0_Ratio_0.8_Pruning_0_Data_11,460.0,337.0
GNN_partitioning\GNN_Data\loop\Data_8\Sup_1.0_Ratio_0.8_Pruning_0\logP_8_Sup_1.0_Ratio_0.8_Pruning_0_Data_12.xes,loop,GNN_partitioning\GNN_Data\loop\Data_8\Sup_1.0_Ratio_0.8_Pruning_0\logP_8_Sup_1.0_Ratio_0.8_Pruning_0_Data_12,GNN_partitioning\GNN_Data\loop\Data_8\Sup_1.0_Ratio_0.8_Pruning_0\logM_8_Sup_1.0_Ratio_0.8_Pruning_0_Data_12,129.0,103.0
GNN_partitioning\GNN_Data\loop\Data_8\Sup_1.0_Ratio_0.8_Pruning_0\logP_8_Sup_1.0_Ratio_0.8_Pruning_0_Data_13.xes,loop,GNN_partitioning\GNN_Data\loop\Data_8\Sup_1.0_Ratio_0.8_Pruning_0\logP_8_Sup_1.0_Ratio_0.8_Pruning_0_Data_13,GNN_partitioning\GNN_Data\loop\Data_8\Sup_1.0_Ratio_0.8_Pruning_0\logM_8_Sup_1.0_Ratio_0.8_Pruning_0_Data_13,431.0,427.0
GNN_partitioning\GNN_Data\loop\Data_8\Sup_1.0_Ratio_0.8_Pruning_0\logP_8_Sup_1.0_Ratio_0.8_Pruning_0_Data_15.xes,loop,GNN_partitioning\GNN_Data\loop\Data_8\Sup_1.0_Ratio_0.8_Pruning_0\logP_8_Sup_1.0_Ratio_0.8_Pruning_0_Data_15,GNN_partitioning\GNN_Data\loop\Data_8\Sup_1.0_Ratio_0.8_Pruning_0\logM_8_Sup_1.0_Ratio_0.8_Pruning_0_Data_15,532.0,212.0
GNN_partitioning\GNN_Data\loop\Data_8\Sup_1.0_Ratio_0.8_Pruning_0\logP_8_Sup_1.0_Ratio_0.8_Pruning_0_Data_16.xes,loop,GNN_partitioning\GNN_Data\loop\Data_8\Sup_1.0_Ratio_0.8_Pruning_0\logP_8_Sup_1.0_Ratio_0.8_Pruning_0_Data_16,GNN_partitioning\GNN_Data\loop\Data_8\Sup_1.0_Ratio_0.8_Pruning_0\logM_8_Sup_1.0_Ratio_0.8_Pruning_0_Data_16,475.0,674.0
GNN_partitioning\GNN_Data\loop\Data_8\Sup_1.0_Ratio_0.8_Pruning_0\logP_8_Sup_1.0_Ratio_0.8_Pruning_0_Data_17.xes,loop,GNN_partitioning\GNN_Data\loop\Data_8\Sup_1.0_Ratio_0.8_Pruning_0\logP_8_Sup_1.0_Ratio_0.8_Pruning_0_Data_17,GNN_partitioning\GNN_Data\loop\Data_8\Sup_1.0_Ratio_0.8_Pruning_0\logM_8_Sup_1.0_Ratio_0.8_Pruning_0_Data_17,746.0,677.0
GNN_partitioning\GNN_Data\loop\Data_8\Sup_1.0_Ratio_0.8_Pruning_0\logP_8_Sup_1.0_Ratio_0.8_Pruning_0_Data_18.xes,loop,GNN_partitioning\GNN_Data\loop\Data_8\Sup_1.0_Ratio_0.8_Pruning_0\logP_8_Sup_1.0_Ratio_0.8_Pruning_0_Data_18,GNN_partitioning\GNN_Data\loop\Data_8\Sup_1.0_Ratio_0.8_Pruning_0\logM_8_Sup_1.0_Ratio_0.8_Pruning_0_Data_18,515.0,518.0
GNN_partitioning\GNN_Data\loop\Data_8\Sup_1.0_Ratio_0.8_Pruning_0\logP_8_Sup_1.0_Ratio_0.8_Pruning_0_Data_19.xes,loop,GNN_partitioning\GNN_Data\loop\Data_8\Sup_1.0_Ratio_0.8_Pruning_0\logP_8_Sup_1.0_Ratio_0.8_Pruning_0_Data_19,GNN_partitioning\GNN_Data\loop\Data_8\Sup_1.0_Ratio_0.8_Pruning_0\logM_8_Sup_1.0_Ratio_0.8_Pruning_0_Data_19,291.0,287.0
GNN_partitioning\GNN_Data\loop\Data_8\Sup_1.0_Ratio_0.8_Pruning_0\logP_8_Sup_1.0_Ratio_0.8_Pruning_0_Data_2.xes,loop,GNN_partitioning\GNN_Data\loop\Data_8\Sup_1.0_Ratio_0.8_Pruning_0\logP_8_Sup_1.0_Ratio_0.8_Pruning_0_Data_2,GNN_partitioning\GNN_Data\loop\Data_8\Sup_1.0_Ratio_0.8_Pruning_0\logM_8_Sup_1.0_Ratio_0.8_Pruning_0_Data_2,226.0,104.0
GNN_partitioning\GNN_Data\loop\Data_8\Sup_1.0_Ratio_0.8_Pruning_0\logP_8_Sup_1.0_Ratio_0.8_Pruning_0_Data_21.xes,loop,GNN_partitioning\GNN_Data\loop\Data_8\Sup_1.0_Ratio_0.8_Pruning_0\logP_8_Sup_1.0_Ratio_0.8_Pruning_0_Data_21,GNN_partitioning\GNN_Data\loop\Data_8\Sup_1.0_Ratio_0.8_Pruning_0\logM_8_Sup_1.0_Ratio_0.8_Pruning_0_Data_21,903.0,801.0
GNN_partitioning\GNN_Data\loop\Data_8\Sup_1.0_Ratio_0.8_Pruning_0\logP_8_Sup_1.0_Ratio_0.8_Pruning_0_Data_22.xes,loop,GNN_partitioning\GNN_Data\loop\Data_8\Sup_1.0_Ratio_0.8_Pruning_0\logP_8_Sup_1.0_Ratio_0.8_Pruning_0_Data_22,GNN_partitioning\GNN_Data\loop\Data_8\Sup_1.0_Ratio_0.8_Pruning_0\logM_8_Sup_1.0_Ratio_0.8_Pruning_0_Data_22,511.0,434.0
GNN_partitioning\GNN_Data\loop\Data_8\Sup_1.0_Ratio_0.8_Pruning_0\logP_8_Sup_1.0_Ratio_0.8_Pruning_0_Data_23.xes,loop,GNN_partitioning\GNN_Data\loop\Data_8\Sup_1.0_Ratio_0.8_Pruning_0\logP_8_Sup_1.0_Ratio_0.8_Pruning_0_Data_23,GNN_partitioning\GNN_Data\loop\Data_8\Sup_1.0_Ratio_0.8_Pruning_0\logM_8_Sup_1.0_Ratio_0.8_Pruning_0_Data_23,480.0,587.0
GNN_partitioning\GNN_Data\loop\Data_8\Sup_1.0_Ratio_0.8_Pruning_0\logP_8_Sup_1.0_Ratio_0.8_Pruning_0_Data_24.xes,loop,GNN_partitioning\GNN_Data\loop\Data_8\Sup_1.0_Ratio_0.8_Pruning_0\logP_8_Sup_1.0_Ratio_0.8_Pruning_0_Data_24,GNN_partitioning\GNN_Data\loop\Data_8\Sup_1.0_Ratio_0.8_Pruning_0\logM_8_Sup_1.0_Ratio_0.8_Pruning_0_Data_24,388.0,205.0
GNN_partitioning\GNN_Data\loop\Data_8\Sup_1.0_Ratio_0.8_Pruning_0\logP_8_Sup_1.0_Ratio_0.8_Pruning_0_Data_25.xes,loop,GNN_partitioning\GNN_Data\loop\Data_8\Sup_1.0_Ratio_0.8_Pruning_0\logP_8_Sup_1.0_Ratio_0.8_Pruning_0_Data_25,GNN_partitioning\GNN_Data\loop\Data_8\Sup_1.0_Ratio_0.8_Pruning_0\logM_8_Sup_1.0_Ratio_0.8_Pruning_0_Data_25,490.0,526.0
GNN_partitioning\GNN_Data\loop\Data_8\Sup_1.0_Ratio_0.8_Pruning_0\logP_8_Sup_1.0_Ratio_0.8_Pruning_0_Data_27.xes,loop,GNN_partitioning\GNN_Data\loop\Data_8\Sup_1.0_Ratio_0.8_Pruning_0\logP_8_Sup_1.0_Ratio_0.8_Pruning_0_Data_27,GNN_partitioning\GNN_Data\loop\Data_8\Sup_1.0_Ratio_0.8_Pruning_0\logM_8_Sup_1.0_Ratio_0.8_Pruning_0_Data_27,297.0,202.0
GNN_partitioning\GNN_Data\loop\Data_8\Sup_1.0_Ratio_0.8_Pruning_0\logP_8_Sup_1.0_Ratio_0.8_Pruning_0_Data_28.xes,loop,GNN_partitioning\GNN_Data\loop\Data_8\Sup_1.0_Ratio_0.8_Pruning_0\logP_8_Sup_1.0_Ratio_0.8_Pruning_0_Data_28,GNN_partitioning\GNN_Data\loop\Data_8\Sup_1.0_Ratio_0.8_Pruning_0\logM_8_Sup_1.0_Ratio_0.8_Pruning_0_Data_28,692.0,594.0
GNN_partitioning\GNN_Data\loop\Data_8\Sup_1.0_Ratio_0.8_Pruning_0\logP_8_Sup_1.0_Ratio_0.8_Pruning_0_Data_29.xes,loop,GNN_partitioning\GNN_Data\loop\Data_8\Sup_1.0_Ratio_0.8_Pruning_0\logP_8_Sup_1.0_Ratio_0.8_Pruning_0_Data_29,GNN_partitioning\GNN_Data\loop\Data_8\Sup_1.0_Ratio_0.8_Pruning_0\logM_8_Sup_1.0_Ratio_0.8_Pruning_0_Data_29,744.0,238.0
GNN_partitioning\GNN_Data\loop\Data_8\Sup_1.0_Ratio_0.8_Pruning_0\logP_8_Sup_1.0_Ratio_0.8_Pruning_0_Data_4.xes,loop,GNN_partitioning\GNN_Data\loop\Data_8\Sup_1.0_Ratio_0.8_Pruning_0\logP_8_Sup_1.0_Ratio_0.8_Pruning_0_Data_4,GNN_partitioning\GNN_Data\loop\Data_8\Sup_1.0_Ratio_0.8_Pruning_0\logM_8_Sup_1.0_Ratio_0.8_Pruning_0_Data_4,549.0,493.0
GNN_partitioning\GNN_Data\loop\Data_8\Sup_1.0_Ratio_0.8_Pruning_0\logP_8_Sup_1.0_Ratio_0.8_Pruning_0_Data_8.xes,loop,GNN_partitioning\GNN_Data\loop\Data_8\Sup_1.0_Ratio_0.8_Pruning_0\logP_8_Sup_1.0_Ratio_0.8_Pruning_0_Data_8,GNN_partitioning\GNN_Data\loop\Data_8\Sup_1.0_Ratio_0.8_Pruning_0\logM_8_Sup_1.0_Ratio_0.8_Pruning_0_Data_8,181.0,220.0
GNN_partitioning\GNN_Data\loop\Data_8\Sup_1.0_Ratio_0.8_Pruning_0\logP_8_Sup_1.0_Ratio_0.8_Pruning_0_Data_9.xes,loop,GNN_partitioning\GNN_Data\loop\Data_8\Sup_1.0_Ratio_0.8_Pruning_0\logP_8_Sup_1.0_Ratio_0.8_Pruning_0_Data_9,GNN_partitioning\GNN_Data\loop\Data_8\Sup_1.0_Ratio_0.8_Pruning_0\logM_8_Sup_1.0_Ratio_0.8_Pruning_0_Data_9,376.0,112.0
GNN_partitioning\GNN_Data\loop\Data_8\Sup_1.0_Ratio_0.6_Pruning_0\logP_8_Sup_1.0_Ratio_0.6_Pruning_0_Data_10.xes,loop,GNN_partitioning\GNN_Data\loop\Data_8\Sup_1.0_Ratio_0.6_Pruning_0\logP_8_Sup_1.0_Ratio_0.6_Pruning_0_Data_10,GNN_partitioning\GNN_Data\loop\Data_8\Sup_1.0_Ratio_0.6_Pruning_0\logM_8_Sup_1.0_Ratio_0.6_Pruning_0_Data_10,779.0,774.0
GNN_partitioning\GNN_Data\loop\Data_8\Sup_1.0_Ratio_0.6_Pruning_0\logP_8_Sup_1.0_Ratio_0.6_Pruning_0_Data_14.xes,loop,GNN_partitioning\GNN_Data\loop\Data_8\Sup_1.0_Ratio_0.6_Pruning_0\logP_8_Sup_1.0_Ratio_0.6_Pruning_0_Data_14,GNN_partitioning\GNN_Data\loop\Data_8\Sup_1.0_Ratio_0.6_Pruning_0\logM_8_Sup_1.0_Ratio_0.6_Pruning_0_Data_14,433.0,481.0
GNN_partitioning\GNN_Data\loop\Data_8\Sup_1.0_Ratio_0.6_Pruning_0\logP_8_Sup_1.0_Ratio_0.6_Pruning_0_Data_15.xes,loop,GNN_partitioning\GNN_Data\loop\Data_8\Sup_1.0_Ratio_0.6_Pruning_0\logP_8_Sup_1.0_Ratio_0.6_Pruning_0_Data_15,GNN_partitioning\GNN_Data\loop\Data_8\Sup_1.0_Ratio_0.6_Pruning_0\logM_8_Sup_1.0_Ratio_0.6_Pruning_0_Data_15,513.0,532.0
GNN_partitioning\GNN_Data\loop\Data_8\Sup_1.0_Ratio_0.6_Pruning_0\logP_8_Sup_1.0_Ratio_0.6_Pruning_0_Data_16.xes,loop,GNN_partitioning\GNN_Data\loop\Data_8\Sup_1.0_Ratio_0.6_Pruning_0\logP_8_Sup_1.0_Ratio_0.6_Pruning_0_Data_16,GNN_partitioning\GNN_Data\loop\Data_8\Sup_1.0_Ratio_0.6_Pruning_0\logM_8_Sup_1.0_Ratio_0.6_Pruning_0_Data_16,302.0,191.0
GNN_partitioning\GNN_Data\loop\Data_8\Sup_1.0_Ratio_0.6_Pruning_0\logP_8_Sup_1.0_Ratio_0.6_Pruning_0_Data_17.xes,loop,GNN_partitioning\GNN_Data\loop\Data_8\Sup_1.0_Ratio_0.6_Pruning_0\logP_8_Sup_1.0_Ratio_0.6_Pruning_0_Data_17,GNN_partitioning\GNN_Data\loop\Data_8\Sup_1.0_Ratio_0.6_Pruning_0\logM_8_Sup_1.0_Ratio_0.6_Pruning_0_Data_17,273.0,197.0
GNN_partitioning\GNN_Data\loop\Data_8\Sup_1.0_Ratio_0.6_Pruning_0\logP_8_Sup_1.0_Ratio_0.6_Pruning_0_Data_18.xes,loop,GNN_partitioning\GNN_Data\loop\Data_8\Sup_1.0_Ratio_0.6_Pruning_0\logP_8_Sup_1.0_Ratio_0.6_Pruning_0_Data_18,GNN_partitioning\GNN_Data\loop\Data_8\Sup_1.0_Ratio_0.6_Pruning_0\logM_8_Sup_1.0_Ratio_0.6_Pruning_0_Data_18,363.0,318.0
GNN_partitioning\GNN_Data\loop\Data_8\Sup_1.0_Ratio_0.6_Pruning_0\logP_8_Sup_1.0_Ratio_0.6_Pruning_0_Data_20.xes,loop,GNN_partitioning\GNN_Data\loop\Data_8\Sup_1.0_Ratio_0.6_Pruning_0\logP_8_Sup_1.0_Ratio_0.6_Pruning_0_Data_20,GNN_partitioning\GNN_Data\loop\Data_8\Sup_1.0_Ratio_0.6_Pruning_0\logM_8_Sup_1.0_Ratio_0.6_Pruning_0_Data_20,733.0,582.0
GNN_partitioning\GNN_Data\loop\Data_8\Sup_1.0_Ratio_0.6_Pruning_0\logP_8_Sup_1.0_Ratio_0.6_Pruning_0_Data_21.xes,loop,GNN_partitioning\GNN_Data\loop\Data_8\Sup_1.0_Ratio_0.6_Pruning_0\logP_8_Sup_1.0_Ratio_0.6_Pruning_0_Data_21,GNN_partitioning\GNN_Data\loop\Data_8\Sup_1.0_Ratio_0.6_Pruning_0\logM_8_Sup_1.0_Ratio_0.6_Pruning_0_Data_21,330.0,315.0
GNN_partitioning\GNN_Data\seq\Data_8\Sup_1.0_Ratio_1.0_Pruning_0\logP_8_Sup_1.0_Ratio_1.0_Pruning_0_Data_1.xes,seq,GNN_partitioning\GNN_Data\seq\Data_8\Sup_1.0_Ratio_1.0_Pruning_0\logP_8_Sup_1.0_Ratio_1.0_Pruning_0_Data_1,GNN_partitioning\GNN_Data\seq\Data_8\Sup_1.0_Ratio_1.0_Pruning_0\logM_8_Sup_1.0_Ratio_1.0_Pruning_0_Data_1,249.0,318.0
GNN_partitioning\GNN_Data\seq\Data_8\Sup_1.0_Ratio_1.0_Pruning_0\logP_8_Sup_1.0_Ratio_1.0_Pruning_0_Data_10.xes,seq,GNN_partitioning\GNN_Data\seq\Data_8\Sup_1.0_Ratio_1.0_Pruning_0\logP_8_Sup_1.0_Ratio_1.0_Pruning_0_Data_10,GNN_partitioning\GNN_Data\seq\Data_8\Sup_1.0_Ratio_1.0_Pruning_0\logM_8_Sup_1.0_Ratio_1.0_Pruning_0_Data_10,473.0,97.0
GNN_partitioning\GNN_Data\seq\Data_8\Sup_1.0_Ratio_1.0_Pruning_0\logP_8_Sup_1.0_Ratio_1.0_Pruning_0_Data_11.xes,seq,GNN_partitioning\GNN_Data\seq\Data_8\Sup_1.0_Ratio_1.0_Pruning_0\logP_8_Sup_1.0_Ratio_1.0_Pruning_0_Data_11,GNN_partitioning\GNN_Data\seq\Data_8\Sup_1.0_Ratio_1.0_Pruning_0\logM_8_Sup_1.0_Ratio_1.0_Pruning_0_Data_11,339.0,293.0
GNN_partitioning\GNN_Data\seq\Data_8\Sup_1.0_Ratio_1.0_Pruning_0\logP_8_Sup_1.0_Ratio_1.0_Pruning_0_Data_12.xes,seq,GNN_partitioning\GNN_Data\seq\Data_8\Sup_1.0_Ratio_1.0_Pruning_0\logP_8_Sup_1.0_Ratio_1.0_Pruning_0_Data_12,GNN_partitioning\GNN_Data\seq\Data_8\Sup_1.0_Ratio_1.0_Pruning_0\logM_8_Sup_1.0_Ratio_1.0_Pruning_0_Data_12,24.0,18.0
GNN_partitioning\GNN_Data\seq\Data_8\Sup_1.0_Ratio_1.0_Pruning_0\logP_8_Sup_1.0_Ratio_1.0_Pruning_0_Data_13.xes,seq,GNN_partitioning\GNN_Data\seq\Data_8\Sup_1.0_Ratio_1.0_Pruning_0\logP_8_Sup_1.0_Ratio_1.0_Pruning_0_Data_13,GNN_partitioning\GNN_Data\seq\Data_8\Sup_1.0_Ratio_1.0_Pruning_0\logM_8_Sup_1.0_Ratio_1.0_Pruning_0_Data_13,54.0,7.0
GNN_partitioning\GNN_Data\seq\Data_8\Sup_1.0_Ratio_1.0_Pruning_0\logP_8_Sup_1.0_Ratio_1.0_Pruning_0_Data_14.xes,seq,GNN_partitioning\GNN_Data\seq\Data_8\Sup_1.0_Ratio_1.0_Pruning_0\logP_8_Sup_1.0_Ratio_1.0_Pruning_0_Data_14,GNN_partitioning\GNN_Data\seq\Data_8\Sup_1.0_Ratio_1.0_Pruning_0\logM_8_Sup_1.0_Ratio_1.0_Pruning_0_Data_14,36.0,52.0
GNN_partitioning\GNN_Data\seq\Data_8\Sup_1.0_Ratio_1.0_Pruning_0\logP_8_Sup_1.0_Ratio_1.0_Pruning_0_Data_15.xes,seq,GNN_partitioning\GNN_Data\seq\Data_8\Sup_1.0_Ratio_1.0_Pruning_0\logP_8_Sup_1.0_Ratio_1.0_Pruning_0_Data_15,GNN_partitioning\GNN_Data\seq\Data_8\Sup_1.0_Ratio_1.0_Pruning_0\logM_8_Sup_1.0_Ratio_1.0_Pruning_0_Data_15,27.0,21.0
GNN_partitioning\GNN_Data\seq\Data_8\Sup_1.0_Ratio_1.0_Pruning_0\logP_8_Sup_1.0_Ratio_1.0_Pruning_0_Data_16.xes,seq,GNN_partitioning\GNN_Data\seq\Data_8\Sup_1.0_Ratio_1.0_Pruning_0\logP_8_Sup_1.0_Ratio_1.0_Pruning_0_Data_16,GNN_partitioning\GNN_Data\seq\Data_8\Sup_1.0_Ratio_1.0_Pruning_0\logM_8_Sup_1.0_Ratio_1.0_Pruning_0_Data_16,48.0,92.0
GNN_partitioning\GNN_Data\seq\Data_8\Sup_1.0_Ratio_1.0_Pruning_0\logP_8_Sup_1.0_Ratio_1.0_Pruning_0_Data_17.xes,seq,GNN_partitioning\GNN_Data\seq\Data_8\Sup_1.0_Ratio_1.0_Pruning_0\logP_8_Sup_1.0_Ratio_1.0_Pruning_0_Data_17,GNN_partitioning\GNN_Data\seq\Data_8\Sup_1.0_Ratio_1.0_Pruning_0\logM_8_Sup_1.0_Ratio_1.0_Pruning_0_Data_17,65.0,23.0
GNN_partitioning\GNN_Data\seq\Data_8\Sup_1.0_Ratio_1.0_Pruning_0\logP_8_Sup_1.0_Ratio_1.0_Pruning_0_Data_18.xes,seq,GNN_partitioning\GNN_Data\seq\Data_8\Sup_1.0_Ratio_1.0_Pruning_0\logP_8_Sup_1.0_Ratio_1.0_Pruning_0_Data_18,GNN_partitioning\GNN_Data\seq\Data_8\Sup_1.0_Ratio_1.0_Pruning_0\logM_8_Sup_1.0_Ratio_1.0_Pruning_0_Data_18,56.0,44.0
GNN_partitioning\GNN_Data\seq\Data_8\Sup_1.0_Ratio_1.0_Pruning_0\logP_8_Sup_1.0_Ratio_1.0_Pruning_0_Data_19.xes,seq,GNN_partitioning\GNN_Data\seq\Data_8\Sup_1.0_Ratio_1.0_Pruning_0\logP_8_Sup_1.0_Ratio_1.0_Pruning_0_Data_19,GNN_partitioning\GNN_Data\seq\Data_8\Sup_1.0_Ratio_1.0_Pruning_0\logM_8_Sup_1.0_Ratio_1.0_Pruning_0_Data_19,319.0,118.0
GNN_partitioning\GNN_Data\seq\Data_8\Sup_1.0_Ratio_1.0_Pruning_0\logP_8_Sup_1.0_Ratio_1.0_Pruning_0_Data_2.xes,seq,GNN_partitioning\GNN_Data\seq\Data_8\Sup_1.0_Ratio_1.0_Pruning_0\logP_8_Sup_1.0_Ratio_1.0_Pruning_0_Data_2,GNN_partitioning\GNN_Data\seq\Data_8\Sup_1.0_Ratio_1.0_Pruning_0\logM_8_Sup_1.0_Ratio_1.0_Pruning_0_Data_2,175.0,82.0
GNN_partitioning\GNN_Data\seq\Data_8\Sup_1.0_Ratio_1.0_Pruning_0\logP_8_Sup_1.0_Ratio_1.0_Pruning_0_Data_20.xes,seq,GNN_partitioning\GNN_Data\seq\Data_8\Sup_1.0_Ratio_1.0_Pruning_0\logP_8_Sup_1.0_Ratio_1.0_Pruning_0_Data_20,GNN_partitioning\GNN_Data\seq\Data_8\Sup_1.0_Ratio_1.0_Pruning_0\logM_8_Sup_1.0_Ratio_1.0_Pruning_0_Data_20,578.0,414.0
GNN_partitioning\GNN_Data\seq\Data_8\Sup_1.0_Ratio_1.0_Pruning_0\logP_8_Sup_1.0_Ratio_1.0_Pruning_0_Data_22.xes,seq,GNN_partitioning\GNN_Data\seq\Data_8\Sup_1.0_Ratio_1.0_Pruning_0\logP_8_Sup_1.0_Ratio_1.0_Pruning_0_Data_22,GNN_partitioning\GNN_Data\seq\Data_8\Sup_1.0_Ratio_1.0_Pruning_0\logM_8_Sup_1.0_Ratio_1.0_Pruning_0_Data_22,466.0,418.0
GNN_partitioning\GNN_Data\seq\Data_8\Sup_1.0_Ratio_1.0_Pruning_0\logP_8_Sup_1.0_Ratio_1.0_Pruning_0_Data_23.xes,seq,GNN_partitioning\GNN_Data\seq\Data_8\Sup_1.0_Ratio_1.0_Pruning_0\logP_8_Sup_1.0_Ratio_1.0_Pruning_0_Data_23,GNN_partitioning\GNN_Data\seq\Data_8\Sup_1.0_Ratio_1.0_Pruning_0\logM_8_Sup_1.0_Ratio_1.0_Pruning_0_Data_23,41.0,104.0
GNN_partitioning\GNN_Data\seq\Data_8\Sup_1.0_Ratio_1.0_Pruning_0\logP_8_Sup_1.0_Ratio_1.0_Pruning_0_Data_24.xes,seq,GNN_partitioning\GNN_Data\seq\Data_8\Sup_1.0_Ratio_1.0_Pruning_0\logP_8_Sup_1.0_Ratio_1.0_Pruning_0_Data_24,GNN_partitioning\GNN_Data\seq\Data_8\Sup_1.0_Ratio_1.0_Pruning_0\logM_8_Sup_1.0_Ratio_1.0_Pruning_0_Data_24,149.0,64.0
GNN_partitioning\GNN_Data\seq\Data_8\Sup_1.0_Ratio_1.0_Pruning_0\logP_8_Sup_1.0_Ratio_1.0_Pruning_0_Data_25.xes,seq,GNN_partitioning\GNN_Data\seq\Data_8\Sup_1.0_Ratio_1.0_Pruning_0\logP_8_Sup_1.0_Ratio_1.0_Pruning_0_Data_25,GNN_partitioning\GNN_Data\seq\Data_8\Sup_1.0_Ratio_1.0_Pruning_0\logM_8_Sup_1.0_Ratio_1.0_Pruning_0_Data_25,328.0,123.0
GNN_partitioning\GNN_Data\seq\Data_8\Sup_1.0_Ratio_1.0_Pruning_0\logP_8_Sup_1.0_Ratio_1.0_Pruning_0_Data_26.xes,seq,GNN_partitioning\GNN_Data\seq\Data_8\Sup_1.0_Ratio_1.0_Pruning_0\logP_8_Sup_1.0_Ratio_1.0_Pruning_0_Data_26,GNN_partitioning\GNN_Data\seq\Data_8\Sup_1.0_Ratio_1.0_Pruning_0\logM_8_Sup_1.0_Ratio_1.0_Pruning_0_Data_26,862.0,716.0
GNN_partitioning\GNN_Data\seq\Data_8\Sup_1.0_Ratio_1.0_Pruning_0\logP_8_Sup_1.0_Ratio_1.0_Pruning_0_Data_27.xes,seq,GNN_partitioning\GNN_Data\seq\Data_8\Sup_1.0_Ratio_1.0_Pruning_0\logP_8_Sup_1.0_Ratio_1.0_Pruning_0_Data_27,GNN_partitioning\GNN_Data\seq\Data_8\Sup_1.0_Ratio_1.0_Pruning_0\logM_8_Sup_1.0_Ratio_1.0_Pruning_0_Data_27,628.0,673.0
GNN_partitioning\GNN_Data\seq\Data_8\Sup_1.0_Ratio_1.0_Pruning_0\logP_8_Sup_1.0_Ratio_1.0_Pruning_0_Data_28.xes,seq,GNN_partitioning\GNN_Data\seq\Data_8\Sup_1.0_Ratio_1.0_Pruning_0\logP_8_Sup_1.0_Ratio_1.0_Pruning_0_Data_28,GNN_partitioning\GNN_Data\seq\Data_8\Sup_1.0_Ratio_1.0_Pruning_0\logM_8_Sup_1.0_Ratio_1.0_Pruning_0_Data_28,828.0,609.0
GNN_partitioning\GNN_Data\seq\Data_8\Sup_1.0_Ratio_1.0_Pruning_0\logP_8_Sup_1.0_Ratio_1.0_Pruning_0_Data_29.xes,seq,GNN_partitioning\GNN_Data\seq\Data_8\Sup_1.0_Ratio_1.0_Pruning_0\logP_8_Sup_1.0_Ratio_1.0_Pruning_0_Data_29,GNN_partitioning\GNN_Data\seq\Data_8\Sup_1.0_Ratio_1.0_Pruning_0\logM_8_Sup_1.0_Ratio_1.0_Pruning_0_Data_29,249.0,252.0
GNN_partitioning\GNN_Data\seq\Data_8\Sup_1.0_Ratio_1.0_Pruning_0\logP_8_Sup_1.0_Ratio_1.0_Pruning_0_Data_3.xes,seq,GNN_partitioning\GNN_Data\seq\Data_8\Sup_1.0_Ratio_1.0_Pruning_0\logP_8_Sup_1.0_Ratio_1.0_Pruning_0_Data_3,GNN_partitioning\GNN_Data\seq\Data_8\Sup_1.0_Ratio_1.0_Pruning_0\logM_8_Sup_1.0_Ratio_1.0_Pruning_0_Data_3,20.0,14.0
GNN_partitioning\GNN_Data\seq\Data_8\Sup_1.0_Ratio_1.0_Pruning_0\logP_8_Sup_1.0_Ratio_1.0_Pruning_0_Data_30.xes,seq,GNN_partitioning\GNN_Data\seq\Data_8\Sup_1.0_Ratio_1.0_Pruning_0\logP_8_Sup_1.0_Ratio_1.0_Pruning_0_Data_30,GNN_partitioning\GNN_Data\seq\Data_8\Sup_1.0_Ratio_1.0_Pruning_0\logM_8_Sup_1.0_Ratio_1.0_Pruning_0_Data_30,181.0,65.0
GNN_partitioning\GNN_Data\seq\Data_8\Sup_1.0_Ratio_1.0_Pruning_0\logP_8_Sup_1.0_Ratio_1.0_Pruning_0_Data_4.xes,seq,GNN_partitioning\GNN_Data\seq\Data_8\Sup_1.0_Ratio_1.0_Pruning_0\logP_8_Sup_1.0_Ratio_1.0_Pruning_0_Data_4,GNN_partitioning\GNN_Data\seq\Data_8\Sup_1.0_Ratio_1.0_Pruning_0\logM_8_Sup_1.0_Ratio_1.0_Pruning_0_Data_4,647.0,303.0
GNN_partitioning\GNN_Data\seq\Data_8\Sup_1.0_Ratio_1.0_Pruning_0\logP_8_Sup_1.0_Ratio_1.0_Pruning_0_Data_6.xes,seq,GNN_partitioning\GNN_Data\seq\Data_8\Sup_1.0_Ratio_1.0_Pruning_0\logP_8_Sup_1.0_Ratio_1.0_Pruning_0_Data_6,GNN_partitioning\GNN_Data\seq\Data_8\Sup_1.0_Ratio_1.0_Pruning_0\logM_8_Sup_1.0_Ratio_1.0_Pruning_0_Data_6,65.0,53.0
GNN_partitioning\GNN_Data\seq\Data_8\Sup_1.0_Ratio_1.0_Pruning_0\logP_8_Sup_1.0_Ratio_1.0_Pruning_0_Data_7.xes,seq,GNN_partitioning\GNN_Data\seq\Data_8\Sup_1.0_Ratio_1.0_Pruning_0\logP_8_Sup_1.0_Ratio_1.0_Pruning_0_Data_7,GNN_partitioning\GNN_Data\seq\Data_8\Sup_1.0_Ratio_1.0_Pruning_0\logM_8_Sup_1.0_Ratio_1.0_Pruning_0_Data_7,188.0,21.0
GNN_partitioning\GNN_Data\seq\Data_8\Sup_1.0_Ratio_1.0_Pruning_0\logP_8_Sup_1.0_Ratio_1.0_Pruning_0_Data_9.xes,seq,GNN_partitioning\GNN_Data\seq\Data_8\Sup_1.0_Ratio_1.0_Pruning_0\logP_8_Sup_1.0_Ratio_1.0_Pruning_0_Data_9,GNN_partitioning\GNN_Data\seq\Data_8\Sup_1.0_Ratio_1.0_Pruning_0\logM_8_Sup_1.0_Ratio_1.0_Pruning_0_Data_9,493.0,288.0
GNN_partitioning\GNN_Data\seq\Data_8\Sup_1.0_Ratio_0.8_Pruning_0\logP_8_Sup_1.0_Ratio_0.8_Pruning_0_Data_1.xes,seq,GNN_partitioning\GNN_Data\seq\Data_8\Sup_1.0_Ratio_0.8_Pruning_0\logP_8_Sup_1.0_Ratio_0.8_Pruning_0_Data_1,GNN_partitioning\GNN_Data\seq\Data_8\Sup_1.0_Ratio_0.8_Pruning_0\logM_8_Sup_1.0_Ratio_0.8_Pruning_0_Data_1,28.0,8.0
GNN_partitioning\GNN_Data\seq\Data_8\Sup_1.0_Ratio_0.8_Pruning_0\logP_8_Sup_1.0_Ratio_0.8_Pruning_0_Data_10.xes,seq,GNN_partitioning\GNN_Data\seq\Data_8\Sup_1.0_Ratio_0.8_Pruning_0\logP_8_Sup_1.0_Ratio_0.8_Pruning_0_Data_10,GNN_partitioning\GNN_Data\seq\Data_8\Sup_1.0_Ratio_0.8_Pruning_0\logM_8_Sup_1.0_Ratio_0.8_Pruning_0_Data_10,389.0,442.0
GNN_partitioning\GNN_Data\seq\Data_8\Sup_1.0_Ratio_0.8_Pruning_0\logP_8_Sup_1.0_Ratio_0.8_Pruning_0_Data_11.xes,seq,GNN_partitioning\GNN_Data\seq\Data_8\Sup_1.0_Ratio_0.8_Pruning_0\logP_8_Sup_1.0_Ratio_0.8_Pruning_0_Data_11,GNN_partitioning\GNN_Data\seq\Data_8\Sup_1.0_Ratio_0.8_Pruning_0\logM_8_Sup_1.0_Ratio_0.8_Pruning_0_Data_11,560.0,463.0
GNN_partitioning\GNN_Data\seq\Data_8\Sup_1.0_Ratio_0.8_Pruning_0\logP_8_Sup_1.0_Ratio_0.8_Pruning_0_Data_12.xes,seq,GNN_partitioning\GNN_Data\seq\Data_8\Sup_1.0_Ratio_0.8_Pruning_0\logP_8_Sup_1.0_Ratio_0.8_Pruning_0_Data_12,GNN_partitioning\GNN_Data\seq\Data_8\Sup_1.0_Ratio_0.8_Pruning_0\logM_8_Sup_1.0_Ratio_0.8_Pruning_0_Data_12,341.0,129.0
GNN_partitioning\GNN_Data\seq\Data_8\Sup_1.0_Ratio_0.8_Pruning_0\logP_8_Sup_1.0_Ratio_0.8_Pruning_0_Data_13.xes,seq,GNN_partitioning\GNN_Data\seq\Data_8\Sup_1.0_Ratio_0.8_Pruning_0\logP_8_Sup_1.0_Ratio_0.8_Pruning_0_Data_13,GNN_partitioning\GNN_Data\seq\Data_8\Sup_1.0_Ratio_0.8_Pruning_0\logM_8_Sup_1.0_Ratio_0.8_Pruning_0_Data_13,75.0,111.0
GNN_partitioning\GNN_Data\seq\Data_8\Sup_1.0_Ratio_0.8_Pruning_0\logP_8_Sup_1.0_Ratio_0.8_Pruning_0_Data_14.xes,seq,GNN_partitioning\GNN_Data\seq\Data_8\Sup_1.0_Ratio_0.8_Pruning_0\logP_8_Sup_1.0_Ratio_0.8_Pruning_0_Data_14,GNN_partitioning\GNN_Data\seq\Data_8\Sup_1.0_Ratio_0.8_Pruning_0\logM_8_Sup_1.0_Ratio_0.8_Pruning_0_Data_14,568.0,138.0
GNN_partitioning\GNN_Data\seq\Data_8\Sup_1.0_Ratio_0.8_Pruning_0\logP_8_Sup_1.0_Ratio_0.8_Pruning_0_Data_15.xes,seq,GNN_partitioning\GNN_Data\seq\Data_8\Sup_1.0_Ratio_0.8_Pruning_0\logP_8_Sup_1.0_Ratio_0.8_Pruning_0_Data_15,GNN_partitioning\GNN_Data\seq\Data_8\Sup_1.0_Ratio_0.8_Pruning_0\logM_8_Sup_1.0_Ratio_0.8_Pruning_0_Data_15,349.0,9.0
GNN_partitioning\GNN_Data\seq\Data_8\Sup_1.0_Ratio_0.8_Pruning_0\logP_8_Sup_1.0_Ratio_0.8_Pruning_0_Data_16.xes,seq,GNN_partitioning\GNN_Data\seq\Data_8\Sup_1.0_Ratio_0.8_Pruning_0\logP_8_Sup_1.0_Ratio_0.8_Pruning_0_Data_16,GNN_partitioning\GNN_Data\seq\Data_8\Sup_1.0_Ratio_0.8_Pruning_0\logM_8_Sup_1.0_Ratio_0.8_Pruning_0_Data_16,437.0,54.0
GNN_partitioning\GNN_Data\seq\Data_8\Sup_1.0_Ratio_0.8_Pruning_0\logP_8_Sup_1.0_Ratio_0.8_Pruning_0_Data_17.xes,seq,GNN_partitioning\GNN_Data\seq\Data_8\Sup_1.0_Ratio_0.8_Pruning_0\logP_8_Sup_1.0_Ratio_0.8_Pruning_0_Data_17,GNN_partitioning\GNN_Data\seq\Data_8\Sup_1.0_Ratio_0.8_Pruning_0\logM_8_Sup_1.0_Ratio_0.8_Pruning_0_Data_17,587.0,566.0
GNN_partitioning\GNN_Data\seq\Data_8\Sup_1.0_Ratio_0.8_Pruning_0\logP_8_Sup_1.0_Ratio_0.8_Pruning_0_Data_18.xes,seq,GNN_partitioning\GNN_Data\seq\Data_8\Sup_1.0_Ratio_0.8_Pruning_0\logP_8_Sup_1.0_Ratio_0.8_Pruning_0_Data_18,GNN_partitioning\GNN_Data\seq\Data_8\Sup_1.0_Ratio_0.8_Pruning_0\logM_8_Sup_1.0_Ratio_0.8_Pruning_0_Data_18,151.0,428.0
GNN_partitioning\GNN_Data\seq\Data_8\Sup_1.0_Ratio_0.8_Pruning_0\logP_8_Sup_1.0_Ratio_0.8_Pruning_0_Data_19.xes,seq,GNN_partitioning\GNN_Data\seq\Data_8\Sup_1.0_Ratio_0.8_Pruning_0\logP_8_Sup_1.0_Ratio_0.8_Pruning_0_Data_19,GNN_partitioning\GNN_Data\seq\Data_8\Sup_1.0_Ratio_0.8_Pruning_0\logM_8_Sup_1.0_Ratio_0.8_Pruning_0_Data_19,87.0,50.0
GNN_partitioning\GNN_Data\seq\Data_8\Sup_1.0_Ratio_0.8_Pruning_0\logP_8_Sup_1.0_Ratio_0.8_Pruning_0_Data_2.xes,seq,GNN_partitioning\GNN_Data\seq\Data_8\Sup_1.0_Ratio_0.8_Pruning_0\logP_8_Sup_1.0_Ratio_0.8_Pruning_0_Data_2,GNN_partitioning\GNN_Data\seq\Data_8\Sup_1.0_Ratio_0.8_Pruning_0\logM_8_Sup_1.0_Ratio_0.8_Pruning_0_Data_2,150.0,18.0
GNN_partitioning\GNN_Data\seq\Data_8\Sup_1.0_Ratio_0.8_Pruning_0\logP_8_Sup_1.0_Ratio_0.8_Pruning_0_Data_20.xes,seq,GNN_partitioning\GNN_Data\seq\Data_8\Sup_1.0_Ratio_0.8_Pruning_0\logP_8_Sup_1.0_Ratio_0.8_Pruning_0_Data_20,GNN_partitioning\GNN_Data\seq\Data_8\Sup_1.0_Ratio_0.8_Pruning_0\logM_8_Sup_1.0_Ratio_0.8_Pruning_0_Data_20,323.0,161.0
GNN_partitioning\GNN_Data\seq\Data_8\Sup_1.0_Ratio_0.8_Pruning_0\logP_8_Sup_1.0_Ratio_0.8_Pruning_0_Data_21.xes,seq,GNN_partitioning\GNN_Data\seq\Data_8\Sup_1.0_Ratio_0.8_Pruning_0\logP_8_Sup_1.0_Ratio_0.8_Pruning_0_Data_21,GNN_partitioning\GNN_Data\seq\Data_8\Sup_1.0_Ratio_0.8_Pruning_0\logM_8_Sup_1.0_Ratio_0.8_Pruning_0_Data_21,575.0,528.0
GNN_partitioning\GNN_Data\seq\Data_8\Sup_1.0_Ratio_0.8_Pruning_0\logP_8_Sup_1.0_Ratio_0.8_Pruning_0_Data_22.xes,seq,GNN_partitioning\GNN_Data\seq\Data_8\Sup_1.0_Ratio_0.8_Pruning_0\logP_8_Sup_1.0_Ratio_0.8_Pruning_0_Data_22,GNN_partitioning\GNN_Data\seq\Data_8\Sup_1.0_Ratio_0.8_Pruning_0\logM_8_Sup_1.0_Ratio_0.8_Pruning_0_Data_22,175.0,128.0
GNN_partitioning\GNN_Data\seq\Data_8\Sup_1.0_Ratio_0.8_Pruning_0\logP_8_Sup_1.0_Ratio_0.8_Pruning_0_Data_23.xes,seq,GNN_partitioning\GNN_Data\seq\Data_8\Sup_1.0_Ratio_0.8_Pruning_0\logP_8_Sup_1.0_Ratio_0.8_Pruning_0_Data_23,GNN_partitioning\GNN_Data\seq\Data_8\Sup_1.0_Ratio_0.8_Pruning_0\logM_8_Sup_1.0_Ratio_0.8_Pruning_0_Data_23,230.0,257.0
GNN_partitioning\GNN_Data\seq\Data_8\Sup_1.0_Ratio_0.8_Pruning_0\logP_8_Sup_1.0_Ratio_0.8_Pruning_0_Data_24.xes,seq,GNN_partitioning\GNN_Data\seq\Data_8\Sup_1.0_Ratio_0.8_Pruning_0\logP_8_Sup_1.0_Ratio_0.8_Pruning_0_Data_24,GNN_partitioning\GNN_Data\seq\Data_8\Sup_1.0_Ratio_0.8_Pruning_0\logM_8_Sup_1.0_Ratio_0.8_Pruning_0_Data_24,482.0,238.0
GNN_partitioning\GNN_Data\seq\Data_8\Sup_1.0_Ratio_0.8_Pruning_0\logP_8_Sup_1.0_Ratio_0.8_Pruning_0_Data_25.xes,seq,GNN_partitioning\GNN_Data\seq\Data_8\Sup_1.0_Ratio_0.8_Pruning_0\logP_8_Sup_1.0_Ratio_0.8_Pruning_0_Data_25,GNN_partitioning\GNN_Data\seq\Data_8\Sup_1.0_Ratio_0.8_Pruning_0\logM_8_Sup_1.0_Ratio_0.8_Pruning_0_Data_25,20.0,15.0
GNN_partitioning\GNN_Data\seq\Data_8\Sup_1.0_Ratio_0.8_Pruning_0\logP_8_Sup_1.0_Ratio_0.8_Pruning_0_Data_26.xes,seq,GNN_partitioning\GNN_Data\seq\Data_8\Sup_1.0_Ratio_0.8_Pruning_0\logP_8_Sup_1.0_Ratio_0.8_Pruning_0_Data_26,GNN_partitioning\GNN_Data\seq\Data_8\Sup_1.0_Ratio_0.8_Pruning_0\logM_8_Sup_1.0_Ratio_0.8_Pruning_0_Data_26,129.0,225.0
GNN_partitioning\GNN_Data\seq\Data_8\Sup_1.0_Ratio_0.8_Pruning_0\logP_8_Sup_1.0_Ratio_0.8_Pruning_0_Data_27.xes,seq,GNN_partitioning\GNN_Data\seq\Data_8\Sup_1.0_Ratio_0.8_Pruning_0\logP_8_Sup_1.0_Ratio_0.8_Pruning_0_Data_27,GNN_partitioning\GNN_Data\seq\Data_8\Sup_1.0_Ratio_0.8_Pruning_0\logM_8_Sup_1.0_Ratio_0.8_Pruning_0_Data_27,194.0,186.0
GNN_partitioning\GNN_Data\seq\Data_8\Sup_1.0_Ratio_0.8_Pruning_0\logP_8_Sup_1.0_Ratio_0.8_Pruning_0_Data_28.xes,seq,GNN_partitioning\GNN_Data\seq\Data_8\Sup_1.0_Ratio_0.8_Pruning_0\logP_8_Sup_1.0_Ratio_0.8_Pruning_0_Data_28,GNN_partitioning\GNN_Data\seq\Data_8\Sup_1.0_Ratio_0.8_Pruning_0\logM_8_Sup_1.0_Ratio_0.8_Pruning_0_Data_28,387.0,167.0
GNN_partitioning\GNN_Data\seq\Data_8\Sup_1.0_Ratio_0.8_Pruning_0\logP_8_Sup_1.0_Ratio_0.8_Pruning_0_Data_29.xes,seq,GNN_partitioning\GNN_Data\seq\Data_8\Sup_1.0_Ratio_0.8_Pruning_0\logP_8_Sup_1.0_Ratio_0.8_Pruning_0_Data_29,GNN_partitioning\GNN_Data\seq\Data_8\Sup_1.0_Ratio_0.8_Pruning_0\logM_8_Sup_1.0_Ratio_0.8_Pruning_0_Data_29,90.0,181.0
GNN_partitioning\GNN_Data\seq\Data_8\Sup_1.0_Ratio_0.8_Pruning_0\logP_8_Sup_1.0_Ratio_0.8_Pruning_0_Data_3.xes,seq,GNN_partitioning\GNN_Data\seq\Data_8\Sup_1.0_Ratio_0.8_Pruning_0\logP_8_Sup_1.0_Ratio_0.8_Pruning_0_Data_3,GNN_partitioning\GNN_Data\seq\Data_8\Sup_1.0_Ratio_0.8_Pruning_0\logM_8_Sup_1.0_Ratio_0.8_Pruning_0_Data_3,495.0,495.0
